-- ================================================================
-- ITADOG: Generated SQL INSERT statements
-- ================================================================

-- ----------------------------------------------------------------
-- CLIENTS
-- ----------------------------------------------------------------
INSERT INTO clients (name, cnpj, city, phone, email, address, cep, state_registration, file_key) VALUES
  ('AGROJEP 25.06.2025', NULL, NULL, NULL, NULL, NULL, NULL, NULL, 'AGROJEP 25.06.2025'),
  ('A CASA DO PET BAL. CAMBORIÚ', NULL, NULL, NULL, NULL, NULL, NULL, NULL, 'A CASA DO PET B.C'),
  ('AGROPECUARIA AGRO RURAL (ARNALDO DA SILVA)', NULL, NULL, '47-3346-4224', NULL, NULL, NULL, NULL, 'AGRO RURAL(CAMBORIU)'),
  ('AGROPECUARIA AGROJEPE', NULL, NULL, NULL, NULL, NULL, NULL, NULL, 'AGROJEPE'),
  ('AGROPECUARIA AMARAL (BARRA VELHA)', '23.552.481/0001-43', NULL, NULL, NULL, NULL, NULL, NULL, 'AMARAL (BARRA VELHA)'),
  ('AGROPECUARIA DO BENTO', NULL, NULL, '47-3346-4224', NULL, NULL, NULL, NULL, 'BENTO'),
  ('AGROPECUARIA COELHO (ITAJAI)', NULL, NULL, '47-3346-4224', NULL, NULL, NULL, NULL, 'COELHO'),
  ('AGROPECUARIA COUTO (FABRICIO)', NULL, NULL, '47-3346-4224', NULL, NULL, NULL, NULL, 'COUTO(FABRICIO)'),
  ('AGRO PENHA COMERCIAL LTDA', '53.922.765/0001-45', 'PENHA (SC)', '47-3346-4224', NULL, 'R. CESAR AUGUSTO DALÇOQUIO, 3576 - SALSEIROS', '88385-000', NULL, 'DA PENHA'),
  ('AGROPECUARIA DEDÉ CAMBORIU', '29.919.785/0001-82', NULL, '47-3346-4224', NULL, NULL, NULL, NULL, 'DEDÉ CAMBORIU'),
  ('AGROPECUARIA DO ITU (JANAINA)', NULL, NULL, '47-3346-4224', NULL, NULL, NULL, NULL, 'DO ITU(JANAINA)'),
  ('AGROPECUARIA DO MANO (PIÇARRAS)', '01.914.693/0001-90', 'BALNEÁRIO PIÇARRAS (SC)', NULL, NULL, 'R. NOSSA SENHORA DO ROSÁRIO, 685, NOSSA SENHORA DA PAZ', '88380-000', '253448808', 'DO MANO'),
  ('AGROPECUARIA DOM QUIRINO', NULL, NULL, '47-3346-4224', NULL, NULL, NULL, NULL, 'DOM QUIRINO'),
  ('AGROPECUARIA DU CAMPO', NULL, NULL, '47-3346-4224', NULL, NULL, NULL, NULL, 'DU CAMPO'),
  ('PATRICIA DUARTE', '18.429.953/0001-35', NULL, '47-3346-4224', NULL, NULL, NULL, NULL, 'EDUARDO'),
  ('AGROPECUARIA ELAINE ( ITAJAÍ)', NULL, NULL, NULL, NULL, NULL, NULL, NULL, 'ELAINE (ITAJAI)'),
  ('AGROPECUARIA ELAINE (NAVEGANTES)', NULL, NULL, '47-3346-4224', NULL, NULL, NULL, NULL, 'ELAINE (NAVEGANTES)'),
  ('AGROPECUARIA FORMENTO', NULL, NULL, '47-3346-4224', NULL, NULL, NULL, NULL, 'FORMENTO'),
  ('AGROPECUARIA FRAN (FAZENDA)', NULL, NULL, '47-3346-4224', NULL, NULL, NULL, NULL, 'FRAN (FAZENDA)'),
  ('AGROPECUARIA GADOTTI', NULL, NULL, '47-3346-4224', NULL, NULL, NULL, NULL, 'GADOTTI'),
  ('AGROPECUARIA GIOPET (ITAJAI)', NULL, NULL, '47-3346-4224', NULL, NULL, NULL, NULL, 'GIOPET (ITAJAI)'),
  ('AGROPECUARIA IMPERIO DAS RAÇÕES', '48.132.141/0001-94', NULL, NULL, NULL, NULL, NULL, NULL, 'IMPERIO DAS RAÇÕES'),
  ('AGROPECUARIA INDIO', NULL, NULL, NULL, NULL, NULL, NULL, NULL, 'INDIO'),
  ('ITU', NULL, NULL, NULL, NULL, NULL, NULL, NULL, 'ITU'),
  ('AGROPECUARIA NAVEGANTES (JOÃO)', '79.000.238/0001-77', NULL, NULL, NULL, NULL, NULL, NULL, 'JOÃO (CENTRO NAVEGANTES)'),
  ('AGROPECUARIA SÃO CRISTOVÃO (JOÃO)', '08.930.402/0001-05', NULL, '47-93456-1085', NULL, NULL, NULL, NULL, 'JOÃO (SÃO CRISTOVÃO) BARRA VELHA'),
  ('AGROPECUARIA JOSIAS', '47.180.931/0001-82', NULL, NULL, NULL, NULL, NULL, NULL, 'JOSIAS'),
  ('AGRO COLZANI', '34.286.048/0001-20', 'BALNEÁRIO PIÇARRAS (SC)', NULL, NULL, 'R. PROF. MARIA ELIANE COLZANI LOPES, 379', '88380-000', '262863278', 'LUAN'),
  ('AGROPECUARIA MANU', '29.429.009/0001-02', NULL, NULL, NULL, NULL, NULL, NULL, 'MANU(MURTA)'),
  ('AGROPECUARIA MANUELA', NULL, NULL, NULL, NULL, NULL, NULL, NULL, 'MANUELA'),
  ('AGROPECUARIA RECANTO DOS ANIMAIS(MARCIO)', NULL, NULL, '47-3346-4224', NULL, NULL, NULL, NULL, 'MARCIO (RECANTO DOS ANIMAIS)'),
  ('AGROPECUARIA MEIA PRAIA', '50.946.214/0001-23', 'NAVEGANTES (SC)', '47-99738-6362', NULL, 'AV. PREF. JOSÉ JUVENAL MAFRA, 4362 - CENTRO', '88372-170', NULL, 'MEIA PRAIA'),
  ('AGROPECUARIA MORRETES', NULL, NULL, NULL, NULL, NULL, NULL, NULL, 'MORRETES'),
  ('AGROPECUARIA MULTI AGRO(CAMBORIU) EDSON', NULL, NULL, NULL, NULL, NULL, NULL, NULL, 'MULTI AGRO CAMBORIU'),
  ('RODRIGO MARQUES COMERCIO', '08.701.044/0001-50', NULL, NULL, NULL, NULL, NULL, NULL, 'MUNDO PET(ITAJAI)'),
  ('AGROPECUARIA N P', NULL, NULL, '47-3346-4224', NULL, NULL, NULL, NULL, 'NP 2'),
  ('AGROPECUARIA N P', NULL, NULL, '47-3346-4224', NULL, NULL, NULL, NULL, 'NP'),
  ('AGROPECUARIA NUNES - CAMBORIU', NULL, NULL, '47-3346-4224', NULL, NULL, NULL, NULL, 'NUNES CAMBORIU'),
  ('AGROPECUARIA PAIVA', NULL, NULL, NULL, NULL, NULL, NULL, NULL, 'PAIVA'),
  ('AGROPECUARIA MULTI AGRO(CAMBORIU) EDSON', NULL, NULL, NULL, NULL, NULL, NULL, NULL, 'PAULINIA(CAMBORIU)'),
  ('AGROPECUARIA PAULISTA - NAVEGANTES', '48.249.653/0001-35', NULL, NULL, NULL, NULL, NULL, NULL, 'PAULISTA'),
  ('AGROPECUARIA PET LIKE', '46.533.490/0001-92', NULL, NULL, NULL, NULL, NULL, NULL, 'PET LIKE'),
  ('AGROPECUARIA PIÇARRAS', NULL, NULL, '47-3346-4224', NULL, NULL, NULL, NULL, 'PIÇARRAS'),
  ('AGROPECUARIA PRO CAMPO ALICIO', NULL, NULL, NULL, NULL, NULL, NULL, NULL, 'PRO CAMPO'),
  ('AGROPECUARIA QUATRO PATAS', NULL, NULL, NULL, NULL, NULL, NULL, NULL, 'QUATRO PATAS'),
  ('AGROPECUARIA SEU JOÃO ITAJAI', NULL, NULL, NULL, NULL, NULL, NULL, NULL, 'SEU JOÃO ITAJAI'),
  ('AGROPECUARIA SOUZA', '78.207.230/0001-13', NULL, '47-99272-6345', NULL, NULL, NULL, NULL, 'SOUZA'),
  ('AGROPECUARIA TRADIÇÃO CAMBORIU', '30.743.949/0001-42', NULL, '47-3346-4224', NULL, NULL, NULL, NULL, 'TRADIÇÃO(CAMBORIU)'),
  ('AGROPECUARIA VALENT´S', '51.517.956/0001-04', NULL, NULL, NULL, NULL, NULL, NULL, 'VALENT´S'),
  ('AGROPECUARIA VERSONSET', NULL, NULL, '47-3346-4224', NULL, NULL, NULL, NULL, 'VERSONSET');

-- ----------------------------------------------------------------
-- PRODUCTS (deduplicated catalog)
-- ----------------------------------------------------------------
INSERT INTO products (code, description, cost_price, sale_price) VALUES
  ('100', 'COLEIRA DE NYLON DUPLA COSTURADA Nº 5', 4.35, 7.5),
  ('101', 'COLEIRA DE NYLON DUPLA COSTURADA Nº 6', 4.5, 7.6),
  ('102', 'COLEIRA DE NYLON DUPLA COSTURADA Nº 7', 5.3, 8.9),
  ('103', 'COLEIRA DE NYLON DUPLA COSTURADA Nº 8', 5.45, 9.3),
  ('104', 'COLEIRA DE NYLON DUPLA COSTURADA Nº 9', 5.55, 9.5),
  ('105', 'COLEIRA DE NYLON DUPLA COSTURADA Nº 10', 5.65, 12.0),
  ('106', 'COLEIRA POLIESTER DUPLA NR 3 FITA 20', 6.65, 6.5),
  ('107', 'COLEIRA POLIESTER DUPLA NR 4 FITA 20', 7.65, 7.9),
  ('108', 'COLEIRA POLIESTER DUPLA NR 5 FITA 25', 8.65, 8.5),
  ('109', 'COLEIRA POLIESTER DUPLA NR 6 FITA 25', 9.65, 9.5),
  ('110', 'COLEIRA POLIESTER DUPLA NR 7 FITA 30', 12.9, 14.5),
  ('111', 'ALMOFADA COM SILICONE TAM P', 15.7, 26.9),
  ('112', 'ALMOFADA COM SILICONE TAM M', 16.7, 29.9),
  ('113', 'ALMOFADA COM SILICONE TAM G', 17.7, 32.9),
  ('114', 'ALMOFADA COM SILICONE TAM GG', 21.2, 39.9),
  ('115', 'ALMOFADA COM SILICONE TAM EG', 24.2, 46.9),
  ('116', 'ALMOFADA COM SILICONE TAM EGGG', 25.4, 53.9),
  ('117', 'CAMA LEDY P', 2.0, 32.9),
  ('118', 'CAMA LEDY M', 25.4, 43.9),
  ('119', 'CAMA LEDY G', 25.4, 54.9),
  ('120', 'SUETER TAM 00', 25.4, 6.5),
  ('121', 'SUETER TAM 0', 25.4, 8.25),
  ('122', 'SUETER TAM 02', 25.4, 8.5),
  ('123', 'SUETER TAM 04', 25.4, 8.9),
  ('124', 'SUETER TAM 06', 25.4, 12.0),
  ('125', 'SUETER TAM 08', 25.4, 14.2),
  ('126', 'SUETER TAM 10', 25.4, 14.5),
  ('127', 'SUETER TAM 12', 25.4, 16.9),
  ('128', 'SUETER TAM 14', 25.4, 17.5),
  ('129', 'SUETER TAM 16', 25.4, 19.9),
  ('130', 'MANTA PET', 25.4, 14.99),
  ('131', 'PIPI DOG PEQUENO', 25.4, 14.99),
  ('132', 'PIPI DOG GRANDE', 25.4, 16.99),
  ('133', 'PEIT. POLIESTER GATO TAM ÚNICO FITA 15 MM', 2.1, 12.9),
  ('134', 'GUIA ENFORCADOR 16 MM X 60CM SEM MOLA', 10.6, 25.9),
  ('O10', 'PEITORAL POLYESTER  FITA 15 Nº 0', 6.9, 12.9),
  ('O11', 'PEITORAL POLYESTER  FITA 15 Nº 1', 6.9, 12.9),
  ('O12', 'PEITORAL POLYESTER  FITA 15 Nº 2', 6.9, 12.9),
  ('O13', 'PEITORAL POLYESTER  FITA 15 Nº 3', 6.9, 12.9),
  ('O14', 'PEITORAL POLYESTER  FITA 15 Nº 4', 6.9, 12.9),
  ('O15', 'PEITORAL NYLON  EM X  FITA 15  Nº P', 5.85, 10.5),
  ('O16', 'PEITORAL NYLON  EM X  FITA 20  Nº M', 7.1, 12.5),
  ('O17', 'PEITORAL NYLON  EM X  FITA 25  Nº G', 12.2, 21.5),
  ('O18', 'PEITORAL POLIESTER EM X FITA 15 N. P', 7.5, 12.9),
  ('O19', 'PEITORAL POLIESTER EM X FITA 15 Nº M', 7.85, 13.6),
  ('O20', 'PEITORAL POLIESTER EM X FITA 15 Nº G', 7.99, 13.9),
  ('O21', 'PEITORAL POLIESTER EM X FITA 20 Nº P', 9.54, 16.5),
  ('O22', 'PEITORAL POLIESTER EM X FITA 20 Nº M', 9.7, 16.9),
  ('O23', 'PEITORAL POLIESTER EM X FITA 20 Nº G', 9.9, 17.5),
  ('O24', 'PEITORAL POLIESTER EM X FITA 25 Nº P', 10.9, 19.9),
  ('O25', 'PEITORAL POLIESTER EM X FITA 25 Nº M', 11.9, 21.9),
  ('O26', 'PEITORAL POLIESTER EM X FITA 25 Nº G', 12.9, 23.5),
  ('O27', 'PEITORAL POLIESTER EM X FITA 40 Nº M', 39.9, 41.9),
  ('O28', 'PEITORAL POLIESTER EM X FITA 40 Nº G', 41.9, 42.9),
  ('O29', 'PEITORAL NYLON  DUPLO FITA 40 Nº M', 6.6, 34.9),
  ('O30', 'PEITORAL NYLON  DUPLO FITA 40 Nº G', 6.6, 36.9),
  ('O31', 'PEITORAL NYLON  DUPLO FITA 40 Nº GG', 6.6, 39.9),
  ('O32', 'PEITORAL POLIESTER DUPLO FITA 20 Nº 4', 6.6, 18.9),
  ('O33', 'PEITORAL POLIESTER DUPLO FITA 20 Nº 5', 6.6, 19.9),
  ('O34', 'PEITORAL POLIESTER DUPLO FITA 25 Nº 6', 6.6, 25.9),
  ('O35', 'GUIA DE CORDA 6 MM C/ 1 METRO', 4.6, 7.6),
  ('O36', 'GUIA DE CORDA 8 MM C/ 1 METRO', 5.15, 8.5),
  ('O37', 'GUIA DE CORDA 12MM C/ 60 CM', 6.5, 11.8),
  ('O38', 'GUIA DE CORDA 12MM C/ 1 MT', 7.25, 12.0),
  ('O39', 'GUIA DE CORDA 16 MM C/ 40 CM', 8.8, 13.5),
  ('O40', 'GUIA DE CORDA 16 MM C/ 60 CM', 9.4, 14.4),
  ('O41', 'GUIA DE CORDA 16 MM C/ 1 MT', 10.5, 16.1),
  ('O42', 'GUIA DE CORDA 16 MM  C/40 CM C/ MOLA', 10.3, 15.8),
  ('O43', 'GUIA DE CORDA 16 MM C/ 60 CM C/ MOLA', 10.8, 16.6),
  ('O44', 'GUIA DE CORDA 16 MM C/ 1 MT  C/ MOLA', 11.9, 18.3),
  ('O45', 'GUIA ENFORCADOR 16 MM X 40 CM C/MOLA', 15.8, 24.9),
  ('O46', 'GUIA ENFORCADOR 16 MM X 60 CM C/MOLA', 16.8, 26.9),
  ('O47', 'GUIA ENFORCADOR 16 MM X 1,20 C/ ARGOLA', 10.6, 14.9),
  ('O50', 'COLEIRA REGUL POLIESTER FITA 15 TAM P', NULL, 5.9),
  ('O51', 'COLEIRA REGUL POLIESTER FITA 20 TAM M', NULL, 6.9),
  ('O52', 'COLEIRA REGUL POLIESTER FITA 25 TAM G', NULL, 8.9),
  ('O53', 'GUIA DE NYLON TUBOLAR  FITA 15 C/ 1 MT', 2.4, 4.5),
  ('O54', 'GUIA DE POLIESTER  FITA 15  C/   1 MT', 2.4, 6.5),
  ('O55', 'GUIA DE POLIESTER DUPLA   C/   60 CM', 2.4, 12.5),
  ('O56', 'GUIA DE POLIESTER DUPLA   C/   1 MT', 2.4, 14.5),
  ('O57', 'CINTO SEGURANÇA PET NYLON FITA 25', 6.21, 10.5),
  ('O58', 'CINTO SEGURANÇA PET POLIESTER FITA 25', 7.2, 11.9),
  ('O59', 'PEITORAL NYLON NEOPREME Nº M', 18.84, 41.9),
  ('O60', 'PEITORAL NYLON NEOPREME Nº G', 18.84, 42.9),
  ('O61', 'PEITORAL NYLON DUPLO REFORÇADO TAM P', 18.84, 27.9),
  ('O62', 'PEITORAL NYLON DUPLO REFORÇADO TAM M', 19.89, 29.9),
  ('O63', 'PEITORAL NYLON DUPLO REFORÇADO TAM G', 20.53, 30.9),
  ('O64', 'COL. COURO NATURAL Nº1', 1.67, 2.4),
  ('O65', 'COL. COURO NATURAL Nº2', 1.99, 2.8),
  ('O66', 'COL. COURO NATURAL Nº3', 3.05, 4.35),
  ('O67', 'COL. COURO NATURAL Nº4', 4.2, 6.0),
  ('O68', 'COL. COURO NATURAL Nº5', 4.38, 6.2),
  ('O69', 'COL. COURO NATURAL Nº6', 5.7, 7.6),
  ('O70', 'COL. COURO NATURAL Nº7', 7.99, 9.9),
  ('O71', 'COL. COURO NATURAL Nº8', 9.58, 12.2),
  ('O72', 'COL. COURO NATURAL Nº9', 13.15, 16.9),
  ('O73', 'COL COUR NATURAL Nº10', 14.65, 18.9),
  ('O74', 'COL. COURO PINTADA Nº1', 1.67, 3.0),
  ('O75', 'COL. COURO PINTADA Nº2', 1.99, 3.9),
  ('O76', 'COL. COURO PINTADA Nº3', 3.05, 6.0),
  ('O77', 'COL. COURO PINTADA Nº4', 4.2, 6.65),
  ('O78', 'COL. COURO PINTADA Nº5', 4.38, 8.7),
  ('O79', 'COL. COURO PINTADA Nº6', 5.7, 11.0),
  ('O80', 'COL. COURO PINTADA Nº7', 7.99, 13.6),
  ('O81', 'COL. COURO PINTADA Nº8', 9.58, 14.8),
  ('O82', 'COL. COURO PINTADA Nº9', 13.15, 17.9),
  ('O83', 'COL. COURO PINTADA Nº10', 14.65, 18.9),
  ('O84', 'COLEIRA NYLON TUBOLAR FITA 15 MM Nº 00', 2.2, 3.5),
  ('O85', 'COLEIRA NYLON TUBOLAR FITA 15 MM Nº 0', 2.2, 3.5),
  ('O86', 'COLEIRA NYLON TUBOLAR FITA 15 MM Nº 1', 2.2, 3.5),
  ('O87', 'COLEIRA NYLON TUBOLAR FITA 15 MM Nº 2', 2.2, 3.5),
  ('O88', 'COLEIRA NYLON TUBOLAR FITA 15 MM Nº 3', 2.2, 3.5),
  ('O89', 'COLEIRA NYLON LISA FITA 20MM  Nº 4', 2.68, 4.0),
  ('O90', 'COLEIRA NYLON LISA FITA 20MM  Nº 5', 2.68, 4.0),
  ('O91', 'COLEIRA NYLON LISA FITA 20MM  Nº 6', 2.68, 4.0),
  ('O92', 'COLEIRA DE POLIESTER FITA 15 MM Nº 00', 2.5, 4.0),
  ('O93', 'COLEIRA DE POLIESTER FITA 15 MM Nº 0', 2.5, 4.0),
  ('O94', 'COLEIRA DE POLIESTER FITA 15 MM Nº 1', 2.5, 4.0),
  ('O95', 'COLEIRA DE POLIESTER FITA 15 MM Nº 2', 2.5, 4.0),
  ('O96', 'COLEIRA DE POLIESTER FITA 15 MM Nº 3', 2.5, 4.0),
  ('O97', 'COLEIRA ELAST. PARA GATOS TAM. ÚNICO', 2.1, 3.8),
  ('O98', 'PEIT. POLIESTER GATO TAM ÚNICO FITA 13 MM', 2.1, 12.9),
  ('O99', 'COLEIRA DE NYLON DUPLA COSTURADA Nº 4', 4.25, 7.0),
  ('OO1', 'PEITORAL DE NY TUBOLAR FITA 15 Nº 00', 4.95, 9.6),
  ('OO2', 'PEITORAL DE NY TUBOLAR FITA 15 Nº 0', 4.95, 9.6),
  ('OO3', 'PEITORAL DE NY TUBOLAR FITA 15 Nº 1', 4.95, 9.6),
  ('OO4', 'PEITORAL DE NY TUBOLAR FITA 15 Nº 2', 4.95, 9.6),
  ('OO5', 'PEITORAL DE NY TUBOLAR FITA 15 Nº 3', 4.95, 9.6),
  ('OO6', 'PEITORAL DE NY TUBOLAR FITA 15 Nº 4', 4.95, 9.6),
  ('OO7', 'PEITORAL DE NYLON FITA 20 NR 4', 6.85, 12.9),
  ('OO8', 'PEITORAL DE NYLON FITA 20 NR 5', 6.95, 12.9),
  ('OO9', 'PEITORAL POLYESTER  FITA 15 Nº 00', 6.9, 12.9);

-- ----------------------------------------------------------------
-- ORDERS
-- ----------------------------------------------------------------
INSERT INTO orders (id, client_key, order_date, sheet_name, discount_pct, payment_terms, payment_dates, format) VALUES
  (1, 'A CASA DO PET B.C', '2026-02-10', '10.02.26', NULL, 'CHEGUE 30-45-60', '20.02.26, 20.03.26, 04.04.26, 20.04.26', 'new');

INSERT INTO order_items (order_id, product_code, description, qty, unit_price, total) VALUES
  (1, 'O11', 'PEITORAL POLYESTER  FITA 15 Nº 1', 5, 12.9, 64.5),
  (1, 'O12', 'PEITORAL POLYESTER  FITA 15 Nº 2', 5, 12.9, 64.5),
  (1, 'O18', 'PEITORAL POLIESTER EM X FITA 15 N. P', 5, 12.9, 64.5),
  (1, 'O19', 'PEITORAL POLIESTER EM X FITA 15 Nº M', 5, 13.6, 68.0),
  (1, 'O40', 'GUIA DE CORDA 16 MM C/ 60 CM', 3, 14.4, 43.2),
  (1, 'O42', 'GUIA DE CORDA 16 MM  C/40 CM C/ MOLA', 3, 15.8, 47.4),
  (1, 'O46', 'GUIA ENFORCADOR 16 MM X 60 CM C/MOLA', 3, 26.9, 80.7),
  (1, 'O97', 'COLEIRA ELAST. PARA GATOS TAM. ÚNICO', 10, 3.8, 38.0),
  (1, 'O98', 'PEIT. POLIESTER GATO TAM ÚNICO FITA 13 MM', 5, 12.9, 64.5),
  (1, '133', 'PEIT. POLIESTER GATO TAM ÚNICO FITA 15 MM', 5, 12.9, 64.5),
  (1, '117', 'CAMA LEDY P', 5, 32.9, 164.5),
  (1, '118', 'CAMA LEDY M', 5, 43.9, 219.5),
  (1, '119', 'CAMA LEDY G', 5, 54.9, 274.5);

INSERT INTO orders (id, client_key, order_date, sheet_name, discount_pct, payment_terms, payment_dates, format) VALUES
  (2, 'AGRO RURAL(CAMBORIU)', '2025-09-29', '29.09.2025', NULL, NULL, '29.09.2025', 'old');

INSERT INTO order_items (order_id, product_code, description, qty, unit_price, total) VALUES
  (2, NULL, 'PEITORAL POLIESTER EM X(AMER) FITA 25 Nº P', 4, 19.9, 79.6),
  (2, NULL, 'PEITORAL POLIESTER EM X(AMER) FITA 25 Nº M', 4, 21.9, 87.6),
  (2, NULL, 'PEITORAL POLIESTER EM X(AMER) FITA 25 Nº G', 4, 23.5, 94.0),
  (2, NULL, 'PEITORAL NYLON TRAD. DUPLO FITA 40 Nº M', 1, 34.9, 34.9),
  (2, NULL, 'PEITORAL NYLON TRAD. DUPLO FITA 40 Nº G', 1, 36.9, 36.9),
  (2, NULL, 'PEITORAL NYLON TRAD. DUPLO FITA 40 Nº GG', 1, 38.9, 38.9),
  (2, NULL, 'GUIA ENFORCADOR 16 MM X 1,20 C/ ARGOLA', 3, 14.9, 44.7),
  (2, NULL, 'COL. COURO PINTADA Nº3', 4, 6.0, 24.0),
  (2, NULL, 'COL. COURO PINTADA Nº4', 4, 6.65, 26.6),
  (2, NULL, 'COL. COURO PINTADA Nº5', 4, 8.7, 34.8),
  (2, NULL, 'COL. COURO PINTADA Nº6', 4, 11.0, 44.0),
  (2, NULL, 'COL. COURO PINTADA Nº7', 4, 13.6, 54.4),
  (2, NULL, 'COL. COURO PINTADA Nº8', 4, 14.8, 59.2),
  (2, NULL, 'COL. COURO PINTADA Nº9', 4, 17.9, 71.6),
  (2, NULL, 'COL. COURO PINTADA Nº10', 4, 18.9, 75.6);

INSERT INTO orders (id, client_key, order_date, sheet_name, discount_pct, payment_terms, payment_dates, format) VALUES
  (3, 'AGROJEPE', '2025-11-12', '05.11', NULL, NULL, '12.11.25', 'old');

INSERT INTO order_items (order_id, product_code, description, qty, unit_price, total) VALUES
  (3, NULL, 'PEITORAL POLYESTER DESENHOS FITA 15 Nº 1', 3, 12.9, 38.7),
  (3, NULL, 'PEITORAL POLYESTER DESENHOS FITA 15 Nº 2', 3, 12.9, 38.7),
  (3, NULL, 'PEITORAL POLYESTER DESENHOS FITA 15 Nº 3', 3, 12.9, 38.7),
  (3, NULL, 'PEITORAL POLYESTER DESENHOS FITA 15 Nº 4', 3, 12.9, 38.7),
  (3, NULL, 'PEITORAL NYLON   EM X(AMER)  FITA 15  NºP', 3, 10.5, 31.5),
  (3, NULL, 'PEITORAL NYLON  EM X(AMER) FITA 20  Nº M', 3, 12.5, 37.5),
  (3, NULL, 'PEITORAL NYLON  EM X(AMER) FITA 25  Nº G', 3, 21.5, 64.5),
  (3, NULL, 'PEITORAL POLIESTER EM X(AMER) FITA 15 Nº P', 6, 13.9, 83.4),
  (3, NULL, 'PEITORAL POLIESTER EM X(AMER) FITA 20 Nº M', 6, 16.9, 101.4),
  (3, NULL, 'PEITORAL POLIESTER EM X(AMER) FITA 25 Nº G', 2, 23.5, 47.0),
  (3, NULL, 'PEITORAL POLIESTER TRAD DUPLO NR 4 FITA 20', 3, 18.9, 56.7),
  (3, NULL, 'PEITORAL POLIESTER TRAD DUPLO NR 5 FITA 20', 3, 19.9, 59.7),
  (3, NULL, 'PEITORAL POLIESTER TRAÇÃO TAM M', 1, 41.9, 41.9),
  (3, NULL, 'PEITORAL MINI SAIA PP', 1, 18.9, 18.9),
  (3, NULL, 'PEITORAL MINI SAIA P', 1, 18.9, 18.9),
  (3, NULL, 'PEITORAL MINI SAIA M', 1, 18.9, 18.9),
  (3, NULL, 'GUIA DE CORDA 8 MM C/ 1 METRO', 3, 8.5, 25.5),
  (3, NULL, 'CINTO DE SEGURANÇA PET POLIESTER FITA 25', 3, 11.9, 35.7),
  (3, NULL, 'COL. COURO PINTADA Nº4', 2, 6.65, 13.3),
  (3, NULL, 'COL. COURO PINTADA Nº6', 2, 11.0, 22.0),
  (3, NULL, 'COL. COURO PINTADA Nº8', 2, 14.8, 29.6),
  (3, NULL, 'ALMOFADA COM SILICONE TAM P', 2, 26.9, 53.8),
  (3, NULL, 'ALMOFADA COM SILICONE TAM GG', 2, 39.9, 79.8);

INSERT INTO orders (id, client_key, order_date, sheet_name, discount_pct, payment_terms, payment_dates, format) VALUES
  (4, 'AGROJEPE', '2026-02-24', '24.02.26', NULL, NULL, '24.02.26', 'new');

INSERT INTO order_items (order_id, product_code, description, qty, unit_price, total) VALUES
  (4, 'OO9', 'PEITORAL POLYESTER  FITA 15 Nº 00', 2, 12.9, 25.8),
  (4, 'O10', 'PEITORAL POLYESTER  FITA 15 Nº 0', 2, 12.9, 25.8),
  (4, 'O11', 'PEITORAL POLYESTER  FITA 15 Nº 1', 4, 12.9, 51.6),
  (4, 'O12', 'PEITORAL POLYESTER  FITA 15 Nº 2', 2, 12.9, 25.8),
  (4, 'O13', 'PEITORAL POLYESTER  FITA 15 Nº 3', 2, 12.9, 25.8),
  (4, 'O15', 'PEITORAL NYLON  EM X  FITA 15  Nº P', 3, 10.5, 31.5),
  (4, 'O16', 'PEITORAL NYLON  EM X  FITA 20  Nº M', 3, 12.5, 37.5),
  (4, 'O17', 'PEITORAL NYLON  EM X  FITA 25  Nº G', 3, 21.5, 64.5),
  (4, 'O22', 'PEITORAL POLIESTER EM X FITA 20 Nº M', 4, 16.9, 67.6),
  (4, 'O26', 'PEITORAL POLIESTER EM X FITA 25 Nº G', 5, 23.5, 117.5),
  (4, 'O29', 'PEITORAL NYLON  DUPLO FITA 40 Nº M', 1, 34.9, 34.9),
  (4, 'O30', 'PEITORAL NYLON  DUPLO FITA 40 Nº G', 1, 36.9, 36.9),
  (4, 'O32', 'PEITORAL POLIESTER DUPLO FITA 20 Nº 4', 2, 18.9, 37.8),
  (4, 'O33', 'PEITORAL POLIESTER DUPLO FITA 20 Nº 5', 1, 19.9, 19.9),
  (4, 'O34', 'PEITORAL POLIESTER DUPLO FITA 25 Nº 6', 3, 25.9, 77.7),
  (4, 'O39', 'GUIA DE CORDA 16 MM C/ 40 CM', 1, 13.5, 13.5),
  (4, 'O45', 'GUIA ENFORCADOR 16 MM X 40 CM C/MOLA', 1, 24.9, 24.9),
  (4, 'O46', 'GUIA ENFORCADOR 16 MM X 60 CM C/MOLA', 1, 26.9, 26.9),
  (4, 'O47', 'GUIA ENFORCADOR 16 MM X 1,20 C/ ARGOLA', 1, 14.9, 14.9),
  (4, 'O50', 'COLEIRA REGUL POLIESTER FITA 15 TAM P', 5, 5.9, 29.5),
  (4, 'O51', 'COLEIRA REGUL POLIESTER FITA 20 TAM M', 3, 6.9, 20.7),
  (4, 'O52', 'COLEIRA REGUL POLIESTER FITA 25 TAM G', 3, 8.9, 26.7),
  (4, 'O53', 'GUIA DE NYLON TUBOLAR  FITA 15 C/ 1 MT', 6, 4.5, 27.0),
  (4, 'O58', 'CINTO SEGURANÇA PET POLIESTER FITA 25', 3, 11.9, 35.7),
  (4, 'O59', 'PEITORAL NYLON NEOPREME Nº M', 1, 41.9, 41.9),
  (4, 'O77', 'COL. COURO PINTADA Nº4', 4, 6.65, 26.6),
  (4, 'O79', 'COL. COURO PINTADA Nº6', 4, 11.0, 44.0),
  (4, 'O81', 'COL. COURO PINTADA Nº8', 4, 14.8, 59.2),
  (4, 'O83', 'COL. COURO PINTADA Nº10', 3, 18.9, 56.7),
  (4, 'O97', 'COLEIRA ELAST. PARA GATOS TAM. ÚNICO', 10, 3.8, 38.0),
  (4, 'O98', 'PEITORAL POLIESTER GATO TAM ÚNICO', 3, 12.9, 38.7),
  (4, '111', 'ALMOFADA COM SILICONE TAM P', 2, 26.9, 53.8),
  (4, '112', 'ALMOFADA COM SILICONE TAM M', 1, 29.9, 29.9),
  (4, '113', 'ALMOFADA COM SILICONE TAM G', 1, 32.9, 32.9),
  (4, '114', 'ALMOFADA COM SILICONE TAM GG', 1, 39.9, 39.9),
  (4, '115', 'ALMOFADA COM SILICONE TAM EG', 2, 46.9, 93.8),
  (4, '116', 'ALMOFADA COM SILICONE TAM EGGG', 1, 53.9, 53.9),
  (4, '117', 'CAMA LEDY P', 2, 32.9, 65.8),
  (4, '119', 'CAMA LEDY G', 1, 54.9, 54.9);

INSERT INTO orders (id, client_key, order_date, sheet_name, discount_pct, payment_terms, payment_dates, format) VALUES
  (5, 'AGROJEPE', '2026-03-16', '16.03.26', NULL, 'NF PRAZO 30-45-60', '24.03.26', 'new');

INSERT INTO order_items (order_id, product_code, description, qty, unit_price, total) VALUES
  (5, 'O11', 'PEITORAL POLYESTER  FITA 15 Nº 1', 2, 12.9, 25.8),
  (5, 'O15', 'PEITORAL NYLON  EM X  FITA 15  Nº P', 2, 10.5, 21.0),
  (5, 'O16', 'PEITORAL NYLON  EM X  FITA 20  Nº M', 2, 12.5, 25.0),
  (5, 'O17', 'PEITORAL NYLON  EM X  FITA 25  Nº G', 2, 21.5, 43.0),
  (5, 'O22', 'PEITORAL POLIESTER EM X FITA 20 Nº M', 2, 16.9, 33.8),
  (5, 'O26', 'PEITORAL POLIESTER EM X FITA 25 Nº G', 2, 23.5, 47.0),
  (5, 'O43', 'GUIA DE CORDA 16 MM C/ 60 CM C/ MOLA', 1, 16.6, 16.6),
  (5, 'O50', 'COLEIRA REGUL POLIESTER FITA 15 TAM P', 3, 5.9, 17.7),
  (5, 'O54', 'GUIA DE POLIESTER  FITA 15  C/   1 MT', 2, 6.5, 13.0),
  (5, 'O58', 'CINTO SEGURANÇA PET POLIESTER FITA 25', 2, 11.9, 23.8),
  (5, 'O59', 'PEITORAL NYLON NEOPREME Nº M', 1, 41.9, 41.9),
  (5, 'O77', 'COL. COURO PINTADA Nº4', 3, 6.65, 19.95),
  (5, 'O79', 'COL. COURO PINTADA Nº6', 3, 11.0, 33.0),
  (5, 'O81', 'COL. COURO PINTADA Nº8', 3, 14.8, 44.4),
  (5, 'O97', 'COLEIRA ELAST. PARA GATOS TAM. ÚNICO', 10, 3.8, 38.0),
  (5, 'O98', 'PEITORAL POLIESTER GATO TAM ÚNICO', 3, 12.9, 38.7),
  (5, '111', 'ALMOFADA COM SILICONE TAM P', 1, 26.9, 26.9),
  (5, '112', 'ALMOFADA COM SILICONE TAM M', 1, 29.9, 29.9),
  (5, '113', 'ALMOFADA COM SILICONE TAM G', 1, 32.9, 32.9),
  (5, '114', 'ALMOFADA COM SILICONE TAM GG', 1, 39.9, 39.9),
  (5, '117', 'CAMA LEDY P', 1, 32.9, 32.9),
  (5, '118', 'CAMA LEDY M', 1, 43.9, 43.9),
  (5, '119', 'CAMA LEDY G', 1, 54.9, 54.9),
  (5, '120', 'SUETER TAM 00', 2, 6.5, 13.0),
  (5, '121', 'SUETER TAM 0', 2, 8.25, 16.5),
  (5, '123', 'SUETER TAM 04', 2, 8.9, 17.8),
  (5, '124', 'SUETER TAM 06', 2, 12.0, 24.0),
  (5, '125', 'SUETER TAM 08', 2, 14.2, 28.4),
  (5, '126', 'SUETER TAM 10', 2, 14.5, 29.0),
  (5, '130', 'MANTA PET (10 +1)', 10, 14.99, 149.9);

INSERT INTO orders (id, client_key, order_date, sheet_name, discount_pct, payment_terms, payment_dates, format) VALUES
  (6, 'AMARAL (BARRA VELHA)', '2025-12-04', '04.12', NULL, 'PRAZO 30-45-60', '04.12.25', 'old');

INSERT INTO order_items (order_id, product_code, description, qty, unit_price, total) VALUES
  (6, NULL, 'PEITORAL DE NY TUBOLAR FITA 15 Nº 00', 6, 9.6, 57.6),
  (6, NULL, 'PEITORAL DE NY TUBOLAR FITA 15 Nº 0', 12, 9.6, 115.2),
  (6, NULL, 'PEITORAL DE NY TUBOLAR FITA 15 Nº 1', 12, 9.6, 115.2),
  (6, NULL, 'PEITORAL DE NY TUBOLAR FITA 15 Nº 2', 12, 9.6, 115.2),
  (6, NULL, 'PEITORAL DE NY TUBOLAR FITA 15 Nº 3', 12, 9.6, 115.2),
  (6, NULL, 'PEITORAL DE NY TUBOLAR FITA 15 Nº 4', 12, 9.6, 115.2),
  (6, NULL, 'PEITORAL DE NYLON FITA 20 NR 4', 6, 11.9, 71.4),
  (6, NULL, 'PEITORAL NYLON   EM X(AMER)  FITA 15  NºP', 6, 10.5, 63.0),
  (6, NULL, 'PEITORAL NYLON  EM X(AMER) FITA 20  Nº M', 3, 12.5, 37.5),
  (6, NULL, 'PEITORAL NYLON  EM X(AMER) FITA 25  Nº G', 1, 21.5, 21.5),
  (6, NULL, 'PEITORAL POLIESTER EM X(AMER) FITA 25 Nº P', 3, 19.9, 59.7),
  (6, NULL, 'PEITORAL POLIESTER EM X(AMER) FITA 25 Nº M', 3, 21.9, 65.7),
  (6, NULL, 'PEITORAL POLIESTER EM X(AMER) FITA 25 Nº G', 3, 23.5, 70.5),
  (6, NULL, 'PEITORAL NYLON TRAD. DUPLO FITA 40 Nº M', 3, 34.9, 104.7),
  (6, NULL, 'PEITORAL NYLON TRAD. DUPLO FITA 40 Nº G', 3, 36.9, 110.7),
  (6, NULL, 'PEITORAL NYLON TRAD. DUPLO FITA 40 Nº GG', 3, 39.9, 119.7),
  (6, NULL, 'PEITORAL POLIESTER TRAD DUPLO NR 4 FITA 20', 3, 18.9, 56.7),
  (6, NULL, 'PEITORAL POLIESTER TRAD DUPLO NR 5 FITA 20', 3, 19.9, 59.7),
  (6, NULL, 'PEITORAL POLIESTER TRAD DUPLO NR 6 FITA 25', 3, 25.9, 77.7),
  (6, NULL, 'GUIA DE NYLON TUBOLAR   C/   1 MT', 6, 4.5, 27.0),
  (6, NULL, 'CINTO DE SEGURANÇA PET POLIESTER FITA 25', 6, 10.5, 63.0),
  (6, NULL, 'PEITORAL NYLON DUPLO REFORÇADO TAM P', 2, 27.9, 55.8),
  (6, NULL, 'PEITORAL NYLON DUPLO REFORÇADO TAM M', 3, 29.9, 89.7),
  (6, NULL, 'COLEIRA POLIESTER DUPLA NR 3 FITA 20', 3, 6.5, 19.5),
  (6, NULL, 'COLEIRA POLIESTER DUPLA NR 4 FITA 20', 3, 7.9, 23.7),
  (6, NULL, 'COLEIRA POLIESTER DUPLA NR 5 FITA 25', 3, 8.5, 25.5),
  (6, NULL, 'COLEIRA POLIESTER DUPLA NR 6 FITA 25', 3, 9.5, 28.5),
  (6, NULL, 'COLEIRA POLIESTER DUPLA NR 7 FITA 30', 3, 14.5, 43.5),
  (6, NULL, 'PIPI DOG P', 6, 14.99, 89.94),
  (6, NULL, 'PIPI DOG G', 10, 16.99, 169.9);

INSERT INTO orders (id, client_key, order_date, sheet_name, discount_pct, payment_terms, payment_dates, format) VALUES
  (7, 'AMARAL (BARRA VELHA)', '2026-03-03', '03.03.26', NULL, NULL, '12.03.2026', 'new');

INSERT INTO order_items (order_id, product_code, description, qty, unit_price, total) VALUES
  (7, 'OO1', 'PEITORAL DE NY TUBOLAR FITA 15 Nº 00', 3, 9.9, 29.7),
  (7, 'OO4', 'PEITORAL DE NY TUBOLAR FITA 15 Nº 2', 10, 9.9, 99.0),
  (7, 'OO5', 'PEITORAL DE NY TUBOLAR FITA 15 Nº 3', 2, 9.9, 19.8),
  (7, 'O15', 'PEITORAL NYLON  EM X  FITA 15  Nº P', 3, 10.5, 31.5),
  (7, 'O24', 'PEITORAL POLIESTER EM X FITA 25 Nº P', 4, 19.9, 79.6),
  (7, 'O25', 'PEITORAL POLIESTER EM X FITA 25 Nº M', 3, 21.9, 65.7),
  (7, 'O26', 'PEITORAL POLIESTER EM X FITA 25 Nº G', 3, 23.5, 70.5),
  (7, 'O32', 'PEITORAL POLIESTER DUPLO FITA 20 Nº 4', 3, 18.9, 56.7),
  (7, 'O33', 'PEITORAL POLIESTER DUPLO FITA 20 Nº 5', 4, 19.9, 79.6),
  (7, 'O34', 'PEITORAL POLIESTER DUPLO FITA 25 Nº 6', 3, 25.9, 77.7),
  (7, '106', 'COLEIRA POLIESTER DUPLA NR 3 FITA 20', 3, 6.5, 19.5),
  (7, '107', 'COLEIRA POLIESTER DUPLA NR 4 FITA 20', 3, 7.9, 23.7),
  (7, '108', 'COLEIRA POLIESTER DUPLA NR 5 FITA 25', 3, 8.5, 25.5),
  (7, '109', 'COLEIRA POLIESTER DUPLA NR 6 FITA 25', 4, 9.5, 38.0),
  (7, '110', 'COLEIRA POLIESTER DUPLA NR 7 FITA 30', 4, 14.5, 58.0),
  (7, '122', 'SUETER TAM 02', 10, 8.5, 85.0),
  (7, '123', 'SUETER TAM 04', 10, 8.9, 89.0),
  (7, '124', 'SUETER TAM 06', 10, 12.0, 120.0),
  (7, '125', 'SUETER TAM 08', 5, 14.2, 71.0);

INSERT INTO orders (id, client_key, order_date, sheet_name, discount_pct, payment_terms, payment_dates, format) VALUES
  (8, 'BENTO', '2025-09-25', '19.09.2025', NULL, NULL, '25.09.25', 'old');

INSERT INTO order_items (order_id, product_code, description, qty, unit_price, total) VALUES
  (8, NULL, 'PEITORAL DE NY TUBOLAR FITA 15 Nº 00', 2, 9.6, 19.2),
  (8, NULL, 'PEITORAL DE NY TUBOLAR FITA 15 Nº 1', 1, 9.6, 9.6),
  (8, NULL, 'PEITORAL DE NY TUBOLAR FITA 15 Nº 2', 1, 9.6, 9.6),
  (8, NULL, 'PEITORAL POLYESTER DESENHOS FITA 15 Nº 1', 1, 12.9, 12.9),
  (8, NULL, 'PEITORAL POLYESTER DESENHOS FITA 15 Nº 2', 2, 12.9, 25.8),
  (8, NULL, 'PEITORAL NYLON  EM X(AMER) FITA 20  Nº M', 4, 12.5, 50.0),
  (8, NULL, 'PEITORAL NYLON  EM X(AMER) FITA 25  Nº G', 2, 21.5, 43.0),
  (8, NULL, 'PEITORAL NYLON TRAD. DUPLO FITA 40 Nº GG', 3, 38.9, 116.7),
  (8, NULL, 'PEITORAL POLIESTER TRAD DUPLO NR 4 FITA 20', 1, 18.9, 18.9),
  (8, NULL, 'PEITORAL POLIESTER TRAD DUPLO NR 5 FITA 20', 2, 19.9, 39.8),
  (8, NULL, 'PEITORAL POLIESTER TRAD DUPLO NR 6 FITA 25', 1, 25.9, 25.9),
  (8, NULL, 'GUIA DE CORDA 6 MM C/ 1 METRO', 2, 7.6, 15.2),
  (8, NULL, 'GUIA DE CORDA 8 MM C/ 1 METRO', 2, 8.5, 17.0),
  (8, NULL, 'GUIA ENFORCADOR 16 MM X 40 CM C/MOLA', 1, 24.9, 24.9),
  (8, NULL, 'GUIA ENFORCADOR 16 MM X 60 CM C/MOLA', 1, 26.9, 26.9),
  (8, NULL, 'GUIA ENFORCADOR 16 MM X 1,20 C/ ARGOLA', 2, 14.9, 29.8),
  (8, NULL, 'GUIA ENFORCADOR 8 MM X 1,50 C/ ARGOLA', 2, 8.9, 17.8),
  (8, NULL, 'COL. COURO NATURAL Nº1( X  )PINTADA Nº1(   )', 3, 2.4, 7.2),
  (8, NULL, 'COL. COURO NATURAL Nº2( X  )PINTADA Nº2(   )', 3, 2.8, 8.4),
  (8, NULL, 'COL. COURO NATURAL Nº3( X )PINTADA Nº3(   )', 3, 4.35, 13.05),
  (8, NULL, 'COL. COURO NATURAL Nº4(  X )PINTADA Nº4(   )', 3, 6.0, 18.0),
  (8, NULL, 'COL. COURO NATURAL Nº5( X )PINTADA Nº5(   )', 3, 6.2, 18.6),
  (8, NULL, 'COL. COURO NATURAL Nº6(X  )PINTADA Nº6(   )', 3, 7.6, 22.8),
  (8, NULL, 'COL. COURO NATURAL Nº7( X )PINTADA Nº7(   )', 2, 9.9, 19.8),
  (8, NULL, 'COL. COURO NATURAL Nº8(X  )PINTADA Nº8(   )', 1, 12.2, 12.2),
  (8, NULL, 'COL COUR NATURAL Nº10(X  )PINTADA Nº10(   )', 1, 18.9, 18.9),
  (8, NULL, 'PEITORAL POLIESTER GATO TAM ÚNICO', 1, 12.9, 12.9);

INSERT INTO orders (id, client_key, order_date, sheet_name, discount_pct, payment_terms, payment_dates, format) VALUES
  (9, 'BENTO', '2025-11-14', '10.11', NULL, NULL, '14.11.25', 'old');

INSERT INTO order_items (order_id, product_code, description, qty, unit_price, total) VALUES
  (9, NULL, 'PEITORAL POLIESTER EM X(AMER) FITA 15 Nº M', 2, 13.6, 27.2),
  (9, NULL, 'PEITORAL POLIESTER EM X(AMER) FITA 25 Nº M', 2, 21.9, 43.8),
  (9, NULL, 'GUIA DE CORDA 16 MM C/ 60 CM', 1, 14.4, 14.4),
  (9, NULL, 'GUIA DE CORDA 16 MM C/ 1 MT', 1, 16.1, 16.1),
  (9, NULL, 'GUIA DE CORDA 16 MM C/ 1 MT  COM MOLA', 1, 18.3, 18.3),
  (9, NULL, 'COL. COURO NATURAL Nº2', 3, 2.8, 8.4),
  (9, NULL, 'COL. COURO NATURAL Nº3', 4, 4.35, 17.4),
  (9, NULL, 'COL. COURO NATURAL Nº4', 3, 6.0, 18.0),
  (9, NULL, 'COL. COURO NATURAL Nº5', 3, 6.2, 18.6),
  (9, NULL, 'COLEIRA POLIESTER DUPLA NR 3 FITA 20', 2, 6.5, 13.0),
  (9, NULL, 'COLEIRA POLIESTER DUPLA NR 4 FITA 20', 1, 7.9, 7.9),
  (9, NULL, 'COLEIRA POLIESTER DUPLA NR 5 FITA 25', 2, 8.5, 17.0);

INSERT INTO orders (id, client_key, order_date, sheet_name, discount_pct, payment_terms, payment_dates, format) VALUES
  (10, 'BENTO', '2026-01-07', '07.01.26', NULL, NULL, '07.01.26', 'old');

INSERT INTO order_items (order_id, product_code, description, qty, unit_price, total) VALUES
  (10, NULL, 'PEITORAL DE NY TUBOLAR FITA 15 Nº 1', 3, 9.6, 28.8),
  (10, NULL, 'PEITORAL DE NY TUBOLAR FITA 15 Nº 2', 1, 9.6, 9.6),
  (10, NULL, 'PEITORAL DE NY TUBOLAR FITA 15 Nº 3', 2, 9.6, 19.2),
  (10, NULL, 'PEITORAL DE NY TUBOLAR FITA 15 Nº 4', 1, 9.6, 9.6),
  (10, NULL, 'PEITORAL POLYESTER DESENHOS FITA 15 Nº 00', 2, 12.9, 25.8),
  (10, NULL, 'PEITORAL POLYESTER DESENHOS FITA 15 Nº 0', 3, 12.9, 38.7),
  (10, NULL, 'PEITORAL POLYESTER DESENHOS FITA 15 Nº 1', 3, 12.9, 38.7),
  (10, NULL, 'PEITORAL POLYESTER DESENHOS FITA 15 Nº 2', 3, 12.9, 38.7),
  (10, NULL, 'PEITORAL NYLON  EM X(AMER) FITA 20  Nº M', 1, 12.5, 12.5),
  (10, NULL, 'PEITORAL NYLON  EM X(AMER) FITA 25  Nº G', 3, 21.5, 64.5),
  (10, NULL, 'PEITORAL POLIESTER EM X(AMER) FITA 20 Nº P', 1, 16.5, 16.5),
  (10, NULL, 'PEITORAL POLIESTER EM X(AMER) FITA 20 Nº M', 1, 16.9, 16.9),
  (10, NULL, 'PEITORAL POLIESTER EM X(AMER) FITA 20 Nº G', 2, 17.5, 35.0),
  (10, NULL, 'PEITORAL POLIESTER EM X(AMER) FITA 25 Nº P', 3, 19.9, 59.7),
  (10, NULL, 'PEITORAL NYLON TRAD. DUPLO FITA 40 Nº M', 2, 34.9, 69.8),
  (10, NULL, 'PEITORAL POLIESTER TRAD DUPLO NR 4 FITA 20', 1, 18.9, 18.9),
  (10, NULL, 'PEITORAL POLIESTER TRAD DUPLO NR 5 FITA 20', 1, 19.9, 19.9),
  (10, NULL, 'PEITORAL POLIESTER TRAD DUPLO NR 6 FITA 25', 1, 25.9, 25.9),
  (10, NULL, 'GUIA DE CORDA 16 MM C/ 60 CM COM MOLA', 1, 16.6, 16.6),
  (10, NULL, 'GUIA DE NYLON TUBOLAR   C/   1 MT', 3, 4.5, 13.5),
  (10, NULL, 'COL. COURO NATURAL Nº6', 3, 7.6, 22.8),
  (10, NULL, 'COL. COURO NATURAL Nº8', 3, 12.2, 36.6),
  (10, NULL, 'COL. COURO NATURAL Nº9', 3, 16.9, 50.7),
  (10, NULL, 'PEITORAL POLIESTER GATO TAM ÚNICO', 1, 12.9, 12.9);

INSERT INTO orders (id, client_key, order_date, sheet_name, discount_pct, payment_terms, payment_dates, format) VALUES
  (11, 'BENTO', '2026-02-25', '25.02.26', NULL, 'PIX AGENDADO', '04.03.2026', 'new');

INSERT INTO order_items (order_id, product_code, description, qty, unit_price, total) VALUES
  (11, 'OO2', 'PEITORAL DE NY TUBOLAR FITA 15 Nº 0', 1, 9.9, 9.9),
  (11, 'OO4', 'PEITORAL DE NY TUBOLAR FITA 15 Nº 2', 2, 9.9, 19.8),
  (11, 'OO9', 'PEITORAL POLYESTER  FITA 15 Nº 00', 1, 12.9, 12.9),
  (11, 'O12', 'PEITORAL POLYESTER  FITA 15 Nº 2', 2, 12.9, 25.8),
  (11, 'O13', 'PEITORAL POLYESTER  FITA 15 Nº 3', 3, 12.9, 38.7),
  (11, 'O14', 'PEITORAL POLYESTER  FITA 15 Nº 4', 1, 12.9, 12.9),
  (11, 'O16', 'PEITORAL NYLON  EM X  FITA 20  Nº M', 2, 12.5, 25.0),
  (11, 'O39', 'GUIA DE CORDA 16 MM C/ 40 CM', 1, 13.5, 13.5),
  (11, 'O43', 'GUIA DE CORDA 16 MM C/ 60 CM C/ MOLA', 1, 16.6, 16.6),
  (11, 'O45', 'GUIA ENFORCADOR 16 MM X 40 CM C/MOLA', 1, 24.9, 24.9),
  (11, 'O46', 'GUIA ENFORCADOR 16 MM X 60 CM C/MOLA', 1, 26.9, 26.9),
  (11, 'O59', 'PEITORAL NYLON NEOPREME Nº M', 1, 41.9, 41.9);

INSERT INTO orders (id, client_key, order_date, sheet_name, discount_pct, payment_terms, payment_dates, format) VALUES
  (12, 'COELHO', '2025-11-12', '07.11', NULL, NULL, '12.11.25', 'old');

INSERT INTO order_items (order_id, product_code, description, qty, unit_price, total) VALUES
  (12, NULL, 'ALMOFADA COM SILICONE TAM EG', 1, 46.9, 46.9),
  (12, NULL, 'ALMOFADA COM SILICONE TAM EGGG', 1, 53.9, 53.9),
  (12, NULL, 'CAMA LEDY G', 1, 54.9, 54.9);

INSERT INTO orders (id, client_key, order_date, sheet_name, discount_pct, payment_terms, payment_dates, format) VALUES
  (13, 'COUTO(FABRICIO)', '2025-10-17', '13.10', NULL, NULL, '17.10.2025', 'old');

INSERT INTO order_items (order_id, product_code, description, qty, unit_price, total) VALUES
  (13, NULL, 'PEITORAL DE NY TUBOLAR FITA 15 Nº 1', 2, 9.6, 19.2),
  (13, NULL, 'PEITORAL DE NY TUBOLAR FITA 15 Nº 2', 5, 9.6, 48.0),
  (13, NULL, 'PEITORAL DE NY TUBOLAR FITA 15 Nº 3', 4, 9.6, 38.4),
  (13, NULL, 'PEITORAL DE NY TUBOLAR FITA 15 Nº 4', 2, 9.6, 19.2),
  (13, NULL, 'PEITORAL DE NYLON FITA 20 NR 4', 2, 12.9, 25.8),
  (13, NULL, 'PEITORAL NYLON TRAD. DUPLO FITA 40 Nº G', 1, 36.9, 36.9),
  (13, NULL, 'PEITORAL POLIESTER TRAD DUPLO NR 6 FITA 25', 1, 25.9, 25.9),
  (13, NULL, 'COL. COURO NATURAL Nº1', 6, 2.4, 14.4),
  (13, NULL, 'COL. COURO NATURAL Nº2', 4, 2.8, 11.2),
  (13, NULL, 'COL. COURO NATURAL Nº3', 6, 4.35, 26.1),
  (13, NULL, 'COL. COURO NATURAL Nº4', 6, 6.0, 36.0),
  (13, NULL, 'COL. COURO NATURAL Nº5', 6, 6.2, 37.2),
  (13, NULL, 'COL. COURO NATURAL Nº6', 6, 7.6, 45.6),
  (13, NULL, 'COL. COURO NATURAL Nº7', 6, 9.9, 59.4),
  (13, NULL, 'COL. COURO NATURAL Nº8', 6, 12.2, 73.2),
  (13, NULL, 'COL. COURO PINTADO Nº9', 6, 16.9, 101.4),
  (13, NULL, 'COLEIRA NYLON  TUBOLAR FITA 15 MM Nº 00', 6, 3.5, 21.0),
  (13, NULL, 'COLEIRA NYLON  TUBOLAR FITA 15 MM Nº 3', 6, 3.5, 21.0),
  (13, NULL, 'COLEIRA NYLON LISA FITA 20MM  Nº 6', 6, 4.0, 24.0),
  (13, NULL, 'COLEIRA POLIESTER DUPLA NR 3 FITA 20', 2, 6.5, 13.0),
  (13, NULL, 'COLEIRA POLIESTER DUPLA NR 4 FITA 20', 2, 7.9, 15.8),
  (13, NULL, 'COLEIRA POLIESTER DUPLA NR 5 FITA 25', 2, 8.5, 17.0);

INSERT INTO orders (id, client_key, order_date, sheet_name, discount_pct, payment_terms, payment_dates, format) VALUES
  (14, 'COUTO(FABRICIO)', '2026-01-16', '07.01.26', NULL, NULL, '16.01.26', 'old');

INSERT INTO order_items (order_id, product_code, description, qty, unit_price, total) VALUES
  (14, NULL, 'PEITORAL DE NY TUBOLAR FITA 15 Nº 00', 2, 9.6, 19.2),
  (14, NULL, 'PEITORAL DE NY TUBOLAR FITA 15 Nº 0', 1, 9.6, 9.6),
  (14, NULL, 'PEITORAL DE NY TUBOLAR FITA 15 Nº 1', 2, 9.6, 19.2),
  (14, NULL, 'PEITORAL DE NY TUBOLAR FITA 15 Nº 2', 3, 9.6, 28.8),
  (14, NULL, 'PEITORAL DE NY TUBOLAR FITA 15 Nº 3', 2, 9.6, 19.2),
  (14, NULL, 'PEITORAL DE NY TUBOLAR FITA 15 Nº 4', 1, 9.6, 9.6),
  (14, NULL, 'PEITORAL DE NYLON FITA 20 NR 4', 3, 12.9, 38.7),
  (14, NULL, 'PEITORAL NYLON TRAD. DUPLO FITA 40 Nº M', 1, 36.9, 36.9),
  (14, NULL, 'PEITORAL NYLON TRAD. DUPLO FITA 40 Nº G', 1, 39.9, 39.9),
  (14, NULL, 'COL. COURO NATURAL Nº9', 6, 16.9, 101.4),
  (14, NULL, 'COL COUR NATURAL Nº10', 3, 18.9, 56.7),
  (14, NULL, 'COLEIRA DE NYLON DUPLA COSTURADA Nº 7', 6, 8.9, 53.4),
  (14, NULL, 'COLEIRA DE NYLON DUPLA COSTURADA Nº 8', 6, 9.3, 55.8),
  (14, NULL, 'COLEIRA DE NYLON DUPLA COSTURADA Nº 9', 6, 9.5, 57.0),
  (14, NULL, 'COLEIRA DE NYLON DUPLA COSTURADA Nº 10', 4, 12.0, 48.0),
  (14, NULL, 'COLEIRA POLIESTER DUPLA NR 3 FITA 20', 1, 6.5, 6.5),
  (14, NULL, 'COLEIRA POLIESTER DUPLA NR 5 FITA 25', 1, 8.5, 8.5),
  (14, NULL, 'COLEIRA POLIESTER DUPLA NR 7 FITA 30', 2, 14.5, 29.0);

INSERT INTO orders (id, client_key, order_date, sheet_name, discount_pct, payment_terms, payment_dates, format) VALUES
  (15, 'DA PENHA', '2025-09-10', '10.09.2025', NULL, NULL, '10.09.2025, 10.10.2025, 25.10.2025', 'old');

INSERT INTO order_items (order_id, product_code, description, qty, unit_price, total) VALUES
  (15, NULL, 'PEITORAL POLYESTER DESENHOS FITA 15 Nº 0', 3, 12.9, 38.7),
  (15, NULL, 'PEITORAL POLYESTER DESENHOS FITA 15 Nº 1', 2, 12.9, 25.8),
  (15, NULL, 'PEITORAL POLYESTER DESENHOS FITA 15 Nº 2', 4, 12.9, 51.6),
  (15, NULL, 'PEITORAL POLYESTER DESENHOS FITA 15 Nº 3', 2, 12.9, 25.8),
  (15, NULL, 'PEITORAL POLIESTER EM X(AMER) FITA 20 Nº M', 1, 16.9, 16.9),
  (15, NULL, 'PEITORAL POLIESTER EM X(AMER) FITA 20 Nº G', 4, 17.5, 70.0),
  (15, NULL, 'PEITORAL POLIESTER EM X(AMER) FITA 25 Nº P', 2, 19.9, 39.8),
  (15, NULL, 'PEITORAL POLIESTER EM X(AMER) FITA 25 Nº G', 1, 23.5, 23.5),
  (15, NULL, 'PEITORAL POLIESTER TRAD DUPLO NR 4 FITA 20', 1, 18.9, 18.9),
  (15, NULL, 'PEITORAL POLIESTER TRAD DUPLO NR 5 FITA 20', 1, 19.9, 19.9),
  (15, NULL, 'PEITORAL POLIESTER TRAD DUPLO NR 6 FITA 25', 2, 25.9, 51.8),
  (15, NULL, 'GUIA DE CORDA 8 MM C/ 1 METRO', 2, 8.5, 17.0),
  (15, NULL, 'GUIA DE CORDA 16 MM C/ 40 CM', 1, 13.5, 13.5),
  (15, NULL, 'GUIA DE CORDA 16 MM C/ 60 CM', 1, 14.4, 14.4),
  (15, NULL, 'GUIA DE CORDA 16 MM C/ 1 MT', 1, 16.1, 16.1),
  (15, NULL, 'GUIA DE CORDA 16 MM  C/40 CM COM MOLA', 1, 15.8, 15.8),
  (15, NULL, 'GUIA DE CORDA 16 MM C/ 60 CM COM MOLA', 2, 16.6, 33.2),
  (15, NULL, 'GUIA ENFORCADOR 16 MM X 1,20 C/ ARGOLA', 1, 15.15, 15.15),
  (15, NULL, 'COL. COURO NATURAL Nº4( X )PINTADA Nº4(   )', 6, 6.0, 36.0),
  (15, NULL, 'COL. COURO NATURAL Nº7( X )PINTADA Nº7(   )', 6, 9.9, 59.4),
  (15, NULL, 'COL. COURO NATURAL Nº8( X )PINTADA Nº8(   )', 6, 12.2, 73.2),
  (15, NULL, 'COL COUR NATURAL Nº10( X )PINTADA Nº10(   )', 2, 18.9, 37.8),
  (15, NULL, 'COLEIRA POLIESTER DUPLA NR 3 FITA 20', 1, 7.5, 7.5),
  (15, NULL, 'COLEIRA POLIESTER DUPLA NR 4 FITA 20', 1, 8.5, 8.5),
  (15, NULL, 'COLEIRA POLIESTER DUPLA NR 6 FITA 25', 1, 9.5, 9.5),
  (15, NULL, 'COLEIRA POLIESTER DUPLA NR 7 FITA 30', 2, 14.5, 29.0),
  (15, NULL, 'MANTA PET', 3, 14.99, 44.97);

INSERT INTO orders (id, client_key, order_date, sheet_name, discount_pct, payment_terms, payment_dates, format) VALUES
  (16, 'DEDÉ CAMBORIU', '2025-10-20', '20.10', NULL, NULL, '20.10.2025', 'old');

INSERT INTO order_items (order_id, product_code, description, qty, unit_price, total) VALUES
  (16, NULL, 'PEITORAL DE NY TUBOLAR FITA 15 Nº 00', 3, 9.6, 28.8),
  (16, NULL, 'PEITORAL DE NY TUBOLAR FITA 15 Nº 0', 3, 9.6, 28.8),
  (16, NULL, 'PEITORAL DE NY TUBOLAR FITA 15 Nº 1', 3, 9.6, 28.8),
  (16, NULL, 'PEITORAL DE NY TUBOLAR FITA 15 Nº 2', 3, 9.6, 28.8),
  (16, NULL, 'PEITORAL DE NY TUBOLAR FITA 15 Nº 3', 3, 9.6, 28.8),
  (16, NULL, 'PEITORAL DE NY TUBOLAR FITA 15 Nº 4', 3, 9.6, 28.8),
  (16, NULL, 'PEITORAL NYLON  EM X(AMER) FITA 20  Nº M', 3, 12.5, 37.5),
  (16, NULL, 'PEITORAL NYLON  EM X(AMER) FITA 25  Nº G', 1, 21.5, 21.5),
  (16, NULL, 'PEITORAL POLIESTER EM X(AMER) FITA 25 Nº P', 2, 19.9, 39.8),
  (16, NULL, 'PEITORAL POLIESTER EM X(AMER) FITA 25 Nº M', 2, 21.9, 43.8),
  (16, NULL, 'PEITORAL NYLON TRAD. DUPLO FITA 40 Nº M', 1, 34.9, 34.9),
  (16, NULL, 'PEITORAL NYLON TRAD. DUPLO FITA 40 Nº GG', 1, 38.9, 38.9),
  (16, NULL, 'PEITORAL POLIESTER TRAD DUPLO NR 4 FITA 20', 2, 18.9, 37.8),
  (16, NULL, 'PEITORAL POLIESTER TRAD DUPLO NR 5 FITA 20', 2, 19.9, 39.8),
  (16, NULL, 'PEITORAL POLIESTER TRAD DUPLO NR 6 FITA 25', 2, 25.9, 51.8),
  (16, NULL, 'GUIA DE CORDA 8 MM C/ 1 METRO', 1, 8.5, 8.5),
  (16, NULL, 'GUIA DE CORDA 16 MM  C/40 CM COM MOLA', 1, 15.8, 15.8),
  (16, NULL, 'GUIA DE CORDA 16 MM C/ 60 CM COM MOLA', 1, 16.6, 16.6),
  (16, NULL, 'GUIA ENFORCADOR 16 MM X 1,20 C/ ARGOLA', 1, 14.9, 14.9),
  (16, NULL, 'GUIA DE NYLON TUBOLAR   C/   1 MT', 3, 4.5, 13.5),
  (16, NULL, 'COLEIRA NYLON  TUBOLAR FITA 15 MM Nº 0', 3, 3.5, 10.5),
  (16, NULL, 'COLEIRA NYLON  TUBOLAR FITA 15 MM Nº 1', 3, 3.5, 10.5),
  (16, NULL, 'COLEIRA NYLON  TUBOLAR FITA 15 MM Nº 2', 3, 3.5, 10.5),
  (16, NULL, 'COLEIRA NYLON  TUBOLAR FITA 15 MM Nº 3', 3, 3.5, 10.5),
  (16, NULL, 'COLEIRA NYLON LISA FITA 20MM  Nº 4', 3, 4.0, 12.0),
  (16, NULL, 'COLEIRA NYLON LISA FITA 20MM  Nº 5', 3, 4.0, 12.0),
  (16, NULL, 'COLEIRA NYLON LISA FITA 20MM  Nº 6', 3, 4.0, 12.0),
  (16, NULL, 'COLEIRA DE POLIESTER FITA 15 MM Nº 0', 2, 4.0, 8.0),
  (16, NULL, 'COLEIRA DE POLIESTER FITA 15 MM Nº 1', 2, 4.0, 8.0),
  (16, NULL, 'COLEIRA DE POLIESTER FITA 15 MM Nº 2', 2, 4.0, 8.0),
  (16, NULL, 'COLEIRA DE POLIESTER FITA 15 MM Nº 3', 2, 4.0, 8.0),
  (16, NULL, 'COLEIRA POLIESTER DUPLA NR 3 FITA 20', 4, 6.5, 26.0),
  (16, NULL, 'COLEIRA POLIESTER DUPLA NR 4 FITA 20', 4, 7.9, 31.6),
  (16, NULL, 'COLEIRA POLIESTER DUPLA NR 5 FITA 25', 4, 8.5, 34.0),
  (16, NULL, 'COLEIRA POLIESTER DUPLA NR 6 FITA 25', 4, 9.5, 38.0),
  (16, NULL, 'COLEIRA POLIESTER DUPLA NR 7 FITA 30', 2, 14.5, 29.0);

INSERT INTO orders (id, client_key, order_date, sheet_name, discount_pct, payment_terms, payment_dates, format) VALUES
  (17, 'DEDÉ CAMBORIU', '2026-01-26', '14.01.26', NULL, NULL, '26.01.2026', 'old');

INSERT INTO order_items (order_id, product_code, description, qty, unit_price, total) VALUES
  (17, NULL, 'PEITORAL DE NY TUBOLAR FITA 15 Nº 00', 1, 9.6, 9.6),
  (17, NULL, 'PEITORAL DE NY TUBOLAR FITA 15 Nº 0', 1, 9.6, 9.6),
  (17, NULL, 'PEITORAL DE NY TUBOLAR FITA 15 Nº 1', 2, 9.6, 19.2),
  (17, NULL, 'PEITORAL DE NY TUBOLAR FITA 15 Nº 2', 4, 9.6, 38.4),
  (17, NULL, 'PEITORAL DE NY TUBOLAR FITA 15 Nº 3', 3, 9.6, 28.8),
  (17, NULL, 'PEITORAL DE NY TUBOLAR FITA 15 Nº 4', 3, 9.6, 28.8),
  (17, NULL, 'PEITORAL POLIESTER EM X(AMER) FITA 25 Nº P', 3, 19.9, 59.7),
  (17, NULL, 'PEITORAL POLIESTER EM X(AMER) FITA 25 Nº M', 3, 21.9, 65.7),
  (17, NULL, 'PEITORAL POLIESTER EM X(AMER) FITA 25 Nº G', 2, 23.5, 47.0),
  (17, NULL, 'PEITORAL NYLON TRAD. DUPLO FITA 40 Nº M', 1, 34.9, 34.9),
  (17, NULL, 'PEITORAL NYLON TRAD. DUPLO FITA 40 Nº G', 1, 36.9, 36.9),
  (17, NULL, 'PEITORAL POLIESTER TRAD DUPLO NR 4 FITA 20', 4, 18.9, 75.6),
  (17, NULL, 'PEITORAL POLIESTER TRAD DUPLO NR 5 FITA 20', 3, 19.9, 59.7),
  (17, NULL, 'PEITORAL POLIESTER TRAD DUPLO NR 6 FITA 25', 2, 25.9, 51.8),
  (17, NULL, 'GUIA DE CORDA 8 MM C/ 1 METRO', 2, 8.5, 17.0),
  (17, NULL, 'GUIA DE CORDA 16 MM C/ 40 CM', 1, 13.5, 13.5),
  (17, NULL, 'GUIA DE CORDA 16 MM  C/40 CM COM MOLA', 1, 15.8, 15.8),
  (17, NULL, 'GUIA ENFORCADOR 16 MM X 40 CM C/MOLA', 1, 24.9, 24.9),
  (17, NULL, 'GUIA ENFORCADOR 16 MM X 60 CM C/MOLA', 1, 26.9, 26.9),
  (17, NULL, 'GUIA DE NYLON TUBOLAR   C/   1 MT', 3, 4.5, 13.5),
  (17, NULL, 'GUIA DE POLIESTER DUPLA   C/   1 MT', 2, 14.9, 29.8),
  (17, NULL, 'GUIA DE POLIESTER DUPLA   C/   60 CM', 2, 12.9, 25.8),
  (17, NULL, 'COL. COURO PINTADA Nº4', 4, 6.65, 26.6),
  (17, NULL, 'COL. COURO PINTADA Nº5', 4, 8.7, 34.8),
  (17, NULL, 'COL. COURO PINTADA Nº6', 4, 11.0, 44.0),
  (17, NULL, 'COL. COURO PINTADA Nº7', 4, 13.6, 54.4),
  (17, NULL, 'COL. COURO PINTADA Nº8', 4, 14.8, 59.2),
  (17, NULL, 'COLEIRA POLIESTER DUPLA NR 4 FITA 20', 1, 7.9, 7.9),
  (17, NULL, 'COLEIRA POLIESTER DUPLA NR 5 FITA 25', 3, 8.5, 25.5),
  (17, NULL, 'COLEIRA POLIESTER DUPLA NR 7 FITA 30', 1, 14.5, 14.5);

INSERT INTO orders (id, client_key, order_date, sheet_name, discount_pct, payment_terms, payment_dates, format) VALUES
  (18, 'DO ITU(JANAINA)', '2025-11-26', '14.11', NULL, NULL, '26.11.2025', 'old');

INSERT INTO order_items (order_id, product_code, description, qty, unit_price, total) VALUES
  (18, NULL, 'PEITORAL POLYESTER DESENHOS FITA 15 Nº 00', 2, 12.9, 25.8),
  (18, NULL, 'PEITORAL POLYESTER DESENHOS FITA 15 Nº 0', 2, 12.9, 25.8),
  (18, NULL, 'PEITORAL POLYESTER DESENHOS FITA 15 Nº 1', 1, 12.9, 12.9),
  (18, NULL, 'PEITORAL POLYESTER DESENHOS FITA 15 Nº 2', 2, 12.9, 25.8),
  (18, NULL, 'PEITORAL POLIESTER EM X(AMER) FITA 25 Nº M', 1, 21.9, 21.9),
  (18, NULL, 'PEITORAL POLIESTER EM X(AMER) FITA 25 Nº G', 2, 23.5, 47.0),
  (18, NULL, 'PEITORAL NYLON TRAD. DUPLO FITA 40 Nº M', 1, 34.9, 34.9),
  (18, NULL, 'PEITORAL NYLON TRAD. DUPLO FITA 40 Nº GG', 1, 39.9, 39.9),
  (18, NULL, 'PEITORAL POLIESTER TRAD DUPLO NR 4 FITA 20', 3, 18.9, 56.7),
  (18, NULL, 'PEITORAL POLIESTER TRAD DUPLO NR 5 FITA 20', 2, 19.9, 39.8),
  (18, NULL, 'GUIA DE CORDA 16 MM C/ 1 MT', 1, 16.1, 16.1),
  (18, NULL, 'GUIA DE CORDA 16 MM  C/40 CM COM MOLA', 2, 15.8, 31.6),
  (18, NULL, 'GUIA ENFORCADOR 16 MM X 1,20 C/ ARGOLA', 2, 14.9, 29.8),
  (18, NULL, 'PEITORAL NYLON DUPLO REFORÇADO TAM P', 1, 27.9, 27.9),
  (18, NULL, 'PEITORAL NYLON DUPLO REFORÇADO TAM G', 1, 30.9, 30.9),
  (18, NULL, 'COL. COURO PINTADA Nº2', 4, 3.9, 15.6),
  (18, NULL, 'ALMOFADA COM SILICONE TAM M', 2, 29.9, 59.8),
  (18, NULL, 'ALMOFADA COM SILICONE TAM G', 1, 32.9, 32.9),
  (18, NULL, 'ALMOFADA COM SILICONE TAM GG', 1, 39.9, 39.9),
  (18, NULL, 'ALMOFADA COM SILICONE TAM EG', 1, 46.9, 46.9),
  (18, NULL, 'ALMOFADA COM SILICONE TAM EGGG', 1, 53.9, 53.9);

INSERT INTO orders (id, client_key, order_date, sheet_name, discount_pct, payment_terms, payment_dates, format) VALUES
  (19, 'DO ITU(JANAINA)', '2026-01-16', '09.01.26', NULL, NULL, '16.01.26', 'old');

INSERT INTO order_items (order_id, product_code, description, qty, unit_price, total) VALUES
  (19, NULL, 'PEITORAL POLIESTER EM X(AMER) FITA 25 Nº M', 1, 21.9, 21.9),
  (19, NULL, 'GUIA DE NYLON TUBOLAR   C/   1 MT', 4, 4.5, 18.0),
  (19, NULL, 'GUIA DE POLIESTER DUPLA   C/   60 CM', 1, 12.5, 12.5),
  (19, NULL, 'COL. COURO PINTADA Nº4', 6, 6.65, 39.9),
  (19, NULL, 'COL. COURO PINTADA Nº5', 3, 8.7, 26.1),
  (19, NULL, 'COL. COURO PINTADA Nº8', 3, 14.8, 44.4),
  (19, NULL, 'PEITORAL POLIESTER GATO TAM ÚNICO', 6, 12.9, 77.4),
  (19, NULL, 'COLEIRA POLIESTER DUPLA NR 7 FITA 30', 2, 14.5, 29.0);

INSERT INTO orders (id, client_key, order_date, sheet_name, discount_pct, payment_terms, payment_dates, format) VALUES
  (20, 'DO MANO', '2025-09-10', '08.09.2025', NULL, NULL, '10.09.25', 'old');

INSERT INTO order_items (order_id, product_code, description, qty, unit_price, total) VALUES
  (20, NULL, 'PEITORAL DE NY TUBOLAR FITA 15 Nº 00', 2, 9.6, 19.2),
  (20, NULL, 'PEITORAL DE NY TUBOLAR FITA 15 Nº 1', 4, 9.6, 38.4),
  (20, NULL, 'PEITORAL DE NY TUBOLAR FITA 15 Nº 2', 4, 9.6, 38.4),
  (20, NULL, 'PEITORAL DE NY TUBOLAR FITA 15 Nº 3', 2, 9.6, 19.2),
  (20, NULL, 'PEITORAL DE NY TUBOLAR FITA 15 Nº 4', 1, 9.6, 9.6),
  (20, NULL, 'PEITORAL DE NYLON FITA 20 NR 4', 1, 12.9, 12.9),
  (20, NULL, 'PEITORAL POLYESTER DESENHOS FITA 15 Nº 1', 1, 12.9, 12.9),
  (20, NULL, 'PEITORAL POLYESTER DESENHOS FITA 15 Nº 2', 2, 12.9, 25.8),
  (20, NULL, 'PEITORAL POLYESTER DESENHOS FITA 15 Nº 4', 1, 12.9, 12.9),
  (20, NULL, 'PEITORAL POLIESTER TRAD DUPLO NR 4 FITA 20', 1, 18.9, 18.9),
  (20, NULL, 'PEITORAL POLIESTER TRAD DUPLO NR 5 FITA 20', 1, 19.9, 19.9),
  (20, NULL, 'PEITORAL POLIESTER TRAD DUPLO NR 6 FITA 25', 1, 25.9, 25.9),
  (20, NULL, 'GUIA DE CORDA 8 MM C/ 1 METRO', 2, 8.5, 17.0),
  (20, NULL, 'GUIA DE CORDA 16 MM C/ 60 CM', 2, 14.4, 28.8),
  (20, NULL, 'GUIA DE CORDA 16 MM C/ 1 MT', 2, 16.1, 32.2),
  (20, NULL, 'PEITORAL NYLON DUPLO REFORÇADO TAM G', 1, 30.9, 30.9),
  (20, NULL, 'COL. COURO NATURAL Nº1(  )PINTADA Nº1(   )', 3, 3.0, 9.0),
  (20, NULL, 'COL. COURO NATURAL Nº2(  )PINTADA Nº2(   )', 3, 3.9, 11.7),
  (20, NULL, 'COL. COURO NATURAL Nº3(  )PINTADA Nº3(   )', 3, 6.0, 18.0),
  (20, NULL, 'COL. COURO NATURAL Nº4(  )PINTADA Nº4(   )', 3, 6.65, 19.95),
  (20, NULL, 'COL. COURO NATURAL Nº5(  )PINTADA Nº5(   )', 2, 8.7, 17.4),
  (20, NULL, 'COL. COURO NATURAL Nº7(  )PINTADA Nº7(   )', 5, 13.6, 68.0),
  (20, NULL, 'COL. COURO NATURAL Nº8(  )PINTADA Nº8(   )', 4, 14.8, 59.2),
  (20, NULL, 'COLEIRA POLIESTER DUPLA NR 3 FITA 20', 4, 6.5, 26.0),
  (20, NULL, 'COLEIRA POLIESTER DUPLA NR 5 FITA 25', 2, 8.5, 17.0),
  (20, NULL, 'ALMOFADA COM SILICONE TAM GG', 1, 39.9, 39.9),
  (20, NULL, 'ALMOFADA COM SILICONE TAM EGGG (ENTREGUE)', 1, 53.9, 53.9),
  (20, NULL, 'CAMA LEDY M', 1, 43.9, 43.9);

INSERT INTO orders (id, client_key, order_date, sheet_name, discount_pct, payment_terms, payment_dates, format) VALUES
  (21, 'DO MANO', '2025-10-03', '01.10.25', NULL, NULL, '03.10.25', 'old');

INSERT INTO order_items (order_id, product_code, description, qty, unit_price, total) VALUES
  (21, NULL, 'PEITORAL DE NY TUBOLAR FITA 15 Nº 0', 2, 9.6, 19.2),
  (21, NULL, 'PEITORAL DE NY TUBOLAR FITA 15 Nº 1', 2, 9.6, 19.2),
  (21, NULL, 'PEITORAL DE NY TUBOLAR FITA 15 Nº 2', 2, 9.6, 19.2),
  (21, NULL, 'PEITORAL DE NY TUBOLAR FITA 15 Nº 4', 2, 9.6, 19.2),
  (21, NULL, 'PEITORAL NYLON  EM X(AMER) FITA 20  Nº M', 2, 12.5, 25.0),
  (21, NULL, 'PEITORAL NYLON  EM X(AMER) FITA 25  Nº G', 2, 21.5, 43.0),
  (21, NULL, 'PEITORAL NYLON TRAD. DUPLO FITA 40 Nº M', 2, 34.9, 69.8),
  (21, NULL, 'PEITORAL NYLON TRAD. DUPLO FITA 40 Nº G', 2, 36.9, 73.8),
  (21, NULL, 'PEITORAL NYLON TRAD. DUPLO FITA 40 Nº GG', 1, 39.9, 39.9),
  (21, NULL, 'GUIA DE CORDA 16 MM C/ 40 CM', 1, 13.5, 13.5),
  (21, NULL, 'COL. COURO PINTADA Nº2', 4, 3.9, 15.6),
  (21, NULL, 'COL. COURO PINTADA Nº4', 2, 6.65, 13.3),
  (21, NULL, 'COL. COURO PINTADA Nº5', 2, 8.7, 17.4),
  (21, NULL, 'COL. COURO PINTADA Nº6', 2, 11.0, 22.0),
  (21, NULL, 'COL. COURO PINTADA Nº9', 3, 17.9, 53.7),
  (21, NULL, 'COLEIRA POLIESTER DUPLA NR 4 FITA 20', 3, 7.9, 23.7),
  (21, NULL, 'COLEIRA POLIESTER DUPLA NR 5 FITA 25', 1, 8.5, 8.5),
  (21, NULL, 'CAMA LEDY P', 1, 32.9, 32.9);

INSERT INTO orders (id, client_key, order_date, sheet_name, discount_pct, payment_terms, payment_dates, format) VALUES
  (22, 'DO MANO', '2025-11-04', '29.10', NULL, NULL, '04.11.2025', 'old');

INSERT INTO order_items (order_id, product_code, description, qty, unit_price, total) VALUES
  (22, NULL, 'PEITORAL DE NY TUBOLAR FITA 15 Nº 00', 2, 9.6, 19.2),
  (22, NULL, 'PEITORAL DE NY TUBOLAR FITA 15 Nº 4', 1, 9.6, 9.6),
  (22, NULL, 'PEITORAL DE NYLON FITA 20 NR 4', 2, 12.9, 25.8),
  (22, NULL, 'PEITORAL NYLON  EM X(AMER) FITA 20  Nº M', 1, 12.5, 12.5),
  (22, NULL, 'GUIA DE CORDA 8 MM C/ 1 METRO', 2, 8.5, 17.0),
  (22, NULL, 'GUIA DE CORDA 16 MM C/ 1 MT', 2, 16.1, 32.2),
  (22, NULL, 'PEITORAL NYLON DUPLO REFORÇADO TAM P', 1, 27.9, 27.9),
  (22, NULL, 'COL. COURO PINTADA Nº1', 3, 3.0, 9.0),
  (22, NULL, 'COL. COURO PINTADA Nº2', 5, 3.9, 19.5),
  (22, NULL, 'COL. COURO PINTADA Nº3', 3, 6.0, 18.0),
  (22, NULL, 'COL. COURO PINTADA Nº4', 6, 6.65, 39.9),
  (22, NULL, 'COL. COURO PINTADA Nº5', 3, 8.7, 26.1),
  (22, NULL, 'COL. COURO PINTADA Nº7', 3, 13.6, 40.8),
  (22, NULL, 'COLEIRA POLIESTER DUPLA NR 3 FITA 20', 6, 6.5, 39.0),
  (22, NULL, 'COLEIRA POLIESTER DUPLA NR 5 FITA 25', 2, 8.5, 17.0),
  (22, NULL, 'COLEIRA POLIESTER DUPLA NR 6 FITA 25', 6, 9.5, 57.0),
  (22, NULL, 'ALMOFADA COM SILICONE TAM EG', 1, 46.9, 46.9),
  (22, NULL, 'ALMOFADA COM SILICONE TAM EGGG', 1, 53.9, 53.9),
  (22, NULL, 'CAMA LEDY P', 1, 32.9, 32.9);

INSERT INTO orders (id, client_key, order_date, sheet_name, discount_pct, payment_terms, payment_dates, format) VALUES
  (23, 'DO MANO', '2025-12-08', '01.12.25', NULL, NULL, '08.12.25', 'old');

INSERT INTO order_items (order_id, product_code, description, qty, unit_price, total) VALUES
  (23, NULL, 'PEITORAL DE NY TUBOLAR FITA 15 Nº 0', 1, 9.6, 9.6),
  (23, NULL, 'PEITORAL DE NY TUBOLAR FITA 15 Nº 3', 1, 9.6, 9.6),
  (23, NULL, 'PEITORAL DE NY TUBOLAR FITA 15 Nº 4', 1, 9.6, 9.6),
  (23, NULL, 'PEITORAL POLYESTER DESENHOS FITA 15 Nº 00', 2, 12.9, 25.8),
  (23, NULL, 'PEITORAL POLYESTER DESENHOS FITA 15 Nº 1', 2, 12.9, 25.8),
  (23, NULL, 'PEITORAL POLYESTER DESENHOS FITA 15 Nº 3', 2, 12.9, 25.8),
  (23, NULL, 'PEITORAL POLYESTER DESENHOS FITA 15 Nº 4', 1, 12.9, 12.9),
  (23, NULL, 'PEITORAL NYLON  EM X(AMER) FITA 20  Nº M', 3, 12.5, 37.5),
  (23, NULL, 'PEITORAL NYLON TRAD. DUPLO FITA 40 Nº GG', 1, 39.9, 39.9),
  (23, NULL, 'GUIA ENFORCADOR 16 MM X 60 CM C/MOLA', 1, 26.9, 26.9),
  (23, NULL, 'PEITORAL NYLON DUPLO REFORÇADO TAM M', 1, 29.9, 29.9),
  (23, NULL, 'COL. COURO PINTADA Nº1', 2, 3.0, 6.0),
  (23, NULL, 'COL. COURO PINTADA Nº2', 2, 3.9, 7.8),
  (23, NULL, 'COL. COURO PINTADA Nº5', 3, 8.7, 26.1),
  (23, NULL, 'COL. COURO PINTADA Nº6', 2, 11.0, 22.0),
  (23, NULL, 'CAMA LEDY M', 1, 43.9, 43.9),
  (23, NULL, 'CAMA LEDY G', 1, 54.9, 54.9);

INSERT INTO orders (id, client_key, order_date, sheet_name, discount_pct, payment_terms, payment_dates, format) VALUES
  (24, 'DO MANO', '2026-01-22', '12.01.26', NULL, NULL, '22.01.2026', 'old');

INSERT INTO order_items (order_id, product_code, description, qty, unit_price, total) VALUES
  (24, NULL, 'PEITORAL DE NY TUBOLAR FITA 15 Nº 00', 2, 9.6, 19.2),
  (24, NULL, 'PEITORAL DE NY TUBOLAR FITA 15 Nº 0', 1, 9.6, 9.6),
  (24, NULL, 'PEITORAL DE NY TUBOLAR FITA 15 Nº 1', 1, 9.6, 9.6),
  (24, NULL, 'PEITORAL DE NY TUBOLAR FITA 15 Nº 2', 3, 9.6, 28.8),
  (24, NULL, 'PEITORAL DE NY TUBOLAR FITA 15 Nº 3', 3, 9.6, 28.8),
  (24, NULL, 'PEITORAL DE NY TUBOLAR FITA 15 Nº 4', 1, 9.6, 9.6),
  (24, NULL, 'PEITORAL DE NYLON FITA 20 NR 4', 3, 12.9, 38.7),
  (24, NULL, 'PEITORAL POLYESTER DESENHOS FITA 15 Nº 1', 3, 12.9, 38.7),
  (24, NULL, 'PEITORAL POLYESTER DESENHOS FITA 15 Nº 2', 3, 12.9, 38.7),
  (24, NULL, 'PEITORAL POLYESTER DESENHOS FITA 15 Nº 3', 2, 12.9, 25.8),
  (24, NULL, 'PEITORAL POLYESTER DESENHOS FITA 15 Nº 4', 2, 12.9, 25.8),
  (24, NULL, 'PEITORAL NYLON  EM X(AMER) FITA 20  Nº M', 1, 12.5, 12.5),
  (24, NULL, 'PEITORAL NYLON  EM X(AMER) FITA 25  Nº G', 2, 21.5, 43.0),
  (24, NULL, 'PEITORAL NYLON TRAD. DUPLO FITA 40 Nº M', 1, 34.9, 34.9),
  (24, NULL, 'PEITORAL POLIESTER TRAD DUPLO NR 6 FITA 25', 1, 25.9, 25.9),
  (24, NULL, 'GUIA DE CORDA 8 MM C/ 1 METRO', 3, 8.5, 25.5),
  (24, NULL, 'GUIA DE CORDA 16 MM C/ 40 CM', 1, 13.5, 13.5),
  (24, NULL, 'GUIA DE CORDA 16 MM  C/40 CM COM MOLA', 1, 15.8, 15.8),
  (24, NULL, 'GUIA DE CORDA 16 MM C/ 60 CM COM MOLA', 1, 16.6, 16.6),
  (24, NULL, 'GUIA DE CORDA 16 MM C/ 1 MT  COM MOLA', 2, 18.3, 36.6),
  (24, NULL, 'GUIA ENFORCADOR 16 MM X 40 CM C/MOLA', 1, 24.9, 24.9),
  (24, NULL, 'GUIA ENFORCADOR 16 MM X 1,20 C/ ARGOLA', 2, 14.9, 29.8),
  (24, NULL, 'PEITORAL NYLON DUPLO REFORÇADO TAM G', 1, 30.9, 30.9),
  (24, NULL, 'COL. COURO PINTADA Nº1', 3, 3.0, 9.0),
  (24, NULL, 'COL. COURO PINTADA Nº2', 6, 3.9, 23.4),
  (24, NULL, 'COL. COURO PINTADA Nº3', 6, 6.0, 36.0),
  (24, NULL, 'COL. COURO PINTADA Nº4', 6, 6.65, 39.9),
  (24, NULL, 'COL. COURO PINTADA Nº5', 6, 8.7, 52.2),
  (24, NULL, 'COL. COURO PINTADA Nº9', 3, 17.9, 53.7),
  (24, NULL, 'COLEIRA POLIESTER DUPLA NR 3 FITA 20', 3, 6.5, 19.5),
  (24, NULL, 'COLEIRA POLIESTER DUPLA NR 4 FITA 20', 3, 7.9, 23.7),
  (24, NULL, 'COLEIRA POLIESTER DUPLA NR 5 FITA 25', 3, 8.5, 25.5),
  (24, NULL, 'COLEIRA POLIESTER DUPLA NR 6 FITA 25', 4, 9.5, 38.0),
  (24, NULL, 'ALMOFADA COM SILICONE TAM G', 1, 32.9, 32.9),
  (24, NULL, 'ALMOFADA COM SILICONE TAM EGGG', 1, 53.9, 53.9),
  (24, NULL, 'CAMA LEDY P', 1, 32.9, 32.9),
  (24, NULL, 'CAMA LEDY M', 1, 43.9, 43.9),
  (24, NULL, 'CAMA LEDY G', 1, 54.9, 54.9);

INSERT INTO orders (id, client_key, order_date, sheet_name, discount_pct, payment_terms, payment_dates, format) VALUES
  (25, 'DO MANO', '2026-03-03', '03.03.26', NULL, NULL, '12.03.2026', 'new');

INSERT INTO order_items (order_id, product_code, description, qty, unit_price, total) VALUES
  (25, 'OO2', 'PEITORAL DE NY TUBOLAR FITA 15 Nº 0', 1, 9.9, 9.9),
  (25, 'OO3', 'PEITORAL DE NY TUBOLAR FITA 15 Nº 1', 2, 9.9, 19.8),
  (25, 'OO4', 'PEITORAL DE NY TUBOLAR FITA 15 Nº 2', 3, 9.9, 29.7),
  (25, 'OO5', 'PEITORAL DE NY TUBOLAR FITA 15 Nº 3', 2, 9.9, 19.8),
  (25, 'OO6', 'PEITORAL DE NY TUBOLAR FITA 15 Nº 4', 3, 9.9, 29.7),
  (25, 'OO7', 'PEITORAL DE NYLON FITA 20 NR 4', 1, 12.9, 12.9),
  (25, 'OO9', 'PEITORAL POLYESTER  FITA 15 Nº 00', 2, 12.9, 25.8),
  (25, 'O11', 'PEITORAL POLYESTER  FITA 15 Nº 1', 1, 12.9, 12.9),
  (25, 'O12', 'PEITORAL POLYESTER  FITA 15 Nº 2', 3, 12.9, 38.7),
  (25, 'O13', 'PEITORAL POLYESTER  FITA 15 Nº 3', 1, 12.9, 12.9),
  (25, 'O15', 'PEITORAL NYLON  EM X  FITA 15  Nº P', 1, 10.5, 10.5),
  (25, 'O16', 'PEITORAL NYLON  EM X  FITA 20  Nº M', 3, 12.5, 37.5),
  (25, 'O32', 'PEITORAL POLIESTER DUPLO FITA 20 Nº 4', 2, 18.9, 37.8),
  (25, 'O36', 'GUIA DE CORDA 8 MM C/ 1 METRO', 2, 8.5, 17.0),
  (25, 'O39', 'GUIA DE CORDA 16 MM C/ 40 CM', 2, 13.5, 27.0),
  (25, 'O40', 'GUIA DE CORDA 16 MM C/ 60 CM', 2, 14.4, 28.8),
  (25, 'O42', 'GUIA DE CORDA 16 MM  C/40 CM C/ MOLA', 2, 15.8, 31.6),
  (25, 'O43', 'GUIA DE CORDA 16 MM C/ 60 CM C/ MOLA', 2, 16.6, 33.2),
  (25, 'O57', 'CINTO SEGURANÇA PET NYLON FITA 25', 2, 10.5, 21.0),
  (25, 'O59', 'PEITORAL NYLON NEOPREME Nº M', 1, 41.9, 41.9),
  (25, 'O74', 'COL. COURO PINTADA Nº1', 3, 2.69, 8.07),
  (25, 'O75', 'COL. COURO PINTADA Nº2', 3, 3.14, 9.42),
  (25, 'O76', 'COL. COURO PINTADA Nº3', 4, 4.9, 19.6),
  (25, 'O77', 'COL. COURO PINTADA Nº4', 2, 6.3, 12.6),
  (25, 'O79', 'COL. COURO PINTADA Nº6', 3, 9.4, 28.2),
  (25, 'O80', 'COL. COURO PINTADA Nº7', 3, 10.9, 32.7),
  (25, 'O83', 'COL. COURO PINTADA Nº10', 3, 17.4, 52.2),
  (25, '106', 'COLEIRA POLIESTER DUPLA NR 3 FITA 20', 1, 6.5, 6.5),
  (25, '108', 'COLEIRA POLIESTER DUPLA NR 5 FITA 25', 2, 8.5, 17.0),
  (25, '109', 'COLEIRA POLIESTER DUPLA NR 6 FITA 25', 2, 9.5, 19.0),
  (25, '110', 'COLEIRA POLIESTER DUPLA NR 7 FITA 30', 4, 14.5, 58.0),
  (25, '116', 'ALMOFADA COM SILICONE TAM EGGG', 1, 53.9, 53.9),
  (25, '118', 'CAMA LEDY M', 1, 43.9, 43.9),
  (25, '119', 'CAMA LEDY G', 1, 54.9, 54.9),
  (25, '130', 'MANTA PET  (10 + 1)', 10, 14.99, 149.9);

INSERT INTO orders (id, client_key, order_date, sheet_name, discount_pct, payment_terms, payment_dates, format) VALUES
  (26, 'DOM QUIRINO', '2025-11-04', '29.10', NULL, NULL, '04.11.2025', 'old');

INSERT INTO order_items (order_id, product_code, description, qty, unit_price, total) VALUES
  (26, NULL, 'PEITORAL DE NY TUBOLAR FITA 15 Nº 00', 1, 9.6, 9.6),
  (26, NULL, 'PEITORAL DE NY TUBOLAR FITA 15 Nº 1', 2, 9.6, 19.2),
  (26, NULL, 'PEITORAL DE NY TUBOLAR FITA 15 Nº 3', 1, 9.6, 9.6),
  (26, NULL, 'PEITORAL DE NYLON FITA 20 NR 4', 2, 12.9, 25.8),
  (26, NULL, 'PEITORAL POLYESTER DESENHOS FITA 15 Nº 00', 1, 12.9, 12.9),
  (26, NULL, 'PEITORAL POLYESTER DESENHOS FITA 15 Nº 0', 1, 12.9, 12.9),
  (26, NULL, 'PEITORAL POLYESTER DESENHOS FITA 15 Nº 1', 2, 12.9, 25.8),
  (26, NULL, 'PEITORAL POLYESTER DESENHOS FITA 15 Nº 4', 1, 12.9, 12.9),
  (26, NULL, 'PEITORAL POLIESTER EM X(AMER) FITA 15 N. P', 2, 12.9, 25.8),
  (26, NULL, 'PEITORAL POLIESTER EM X(AMER) FITA 25 Nº M', 2, 21.9, 43.8),
  (26, NULL, 'PEITORAL POLIESTER EM X(AMER) FITA 25 Nº G', 2, 23.5, 47.0),
  (26, NULL, 'PEITORAL NYLON TRAD. DUPLO FITA 40 Nº M', 1, 34.9, 34.9),
  (26, NULL, 'PEITORAL NYLON TRAD. DUPLO FITA 40 Nº GG', 2, 38.9, 77.8),
  (26, NULL, 'PEITORAL POLIESTER TRAD DUPLO NR 5 FITA 20', 5, 19.9, 99.5),
  (26, NULL, 'PEITORAL POLIESTER TRAD DUPLO NR 6 FITA 25', 4, 25.9, 103.6),
  (26, NULL, 'GUIA DE CORDA 8 MM C/ 1 METRO', 3, 8.5, 25.5),
  (26, NULL, 'GUIA DE POLIESTER DUPLA   C/   60 CM', 2, 12.9, 25.8),
  (26, NULL, 'GUIA DE POLIESTER DUPLA   C/   1 MT', 2, 14.9, 29.8),
  (26, NULL, 'PEITORAL POLIESTER GATO TAM ÚNICO', 1, 12.9, 12.9);

INSERT INTO orders (id, client_key, order_date, sheet_name, discount_pct, payment_terms, payment_dates, format) VALUES
  (27, 'DOM QUIRINO', '2025-12-17', '01.12.25', NULL, NULL, '17.12.25', 'old');

INSERT INTO order_items (order_id, product_code, description, qty, unit_price, total) VALUES
  (27, NULL, 'PEITORAL DE NY TUBOLAR FITA 15 Nº 2', 3, 9.6, 28.8),
  (27, NULL, 'PEITORAL DE NY TUBOLAR FITA 15 Nº 3', 1, 9.6, 9.6),
  (27, NULL, 'PEITORAL DE NY TUBOLAR FITA 15 Nº 4', 2, 9.6, 19.2),
  (27, NULL, 'PEITORAL POLIESTER EM X(AMER) FITA 20 Nº M', 2, 16.9, 33.8),
  (27, NULL, 'PEITORAL POLIESTER EM X(AMER) FITA 20 Nº G', 1, 17.5, 17.5),
  (27, NULL, 'PEITORAL POLIESTER EM X(AMER) FITA 25 Nº M', 3, 21.9, 65.7),
  (27, NULL, 'PEITORAL POLIESTER EM X(AMER) FITA 25 Nº G', 2, 23.5, 47.0),
  (27, NULL, 'GUIA DE CORDA 8 MM C/ 1 METRO', 1, 8.5, 8.5),
  (27, NULL, 'GUIA DE CORDA 16 MM C/ 40 CM', 2, 13.5, 27.0),
  (27, NULL, 'GUIA DE CORDA 16 MM C/ 60 CM', 2, 14.4, 28.8),
  (27, NULL, 'GUIA DE CORDA 16 MM  C/40 CM COM MOLA', 2, 15.8, 31.6),
  (27, NULL, 'GUIA DE CORDA 16 MM C/ 60 CM COM MOLA', 2, 16.6, 33.2),
  (27, NULL, 'GUIA ENFORCADOR 16 MM X 40 CM C/MOLA', 1, 24.9, 24.9),
  (27, NULL, 'GUIA ENFORCADOR 16 MM X 60 CM C/MOLA', 3, 26.9, 80.7),
  (27, NULL, 'GUIA ENFORCADOR 16 MM X 1,20 C/ ARGOLA', 3, 14.5, 43.5),
  (27, NULL, 'COLEIRA REGUL POLIESTER FITA 15 TAM P', 5, 5.9, 29.5),
  (27, NULL, 'COLEIRA REGUL POLIESTER FITA 20 TAM M', 5, 6.9, 34.5),
  (27, NULL, 'COLEIRA REGUL POLIESTER FITA 25 TAM G', 3, 8.9, 26.7),
  (27, NULL, 'GUIA DE NYLON TUBOLAR  FITA 15MM C/  1 MT', 5, 4.5, 22.5),
  (27, NULL, 'GUIA DE POLIESTER FITA 15MM   C/   1 MT', 5, 6.5, 32.5),
  (27, NULL, 'CINTO DE SEGURANÇA PET FITA 25', 4, 10.5, 42.0);

INSERT INTO orders (id, client_key, order_date, sheet_name, discount_pct, payment_terms, payment_dates, format) VALUES
  (28, 'DU CAMPO', '2025-09-18', '10.09.2025', NULL, NULL, '18.09.2025', 'old');

INSERT INTO order_items (order_id, product_code, description, qty, unit_price, total) VALUES
  (28, NULL, 'PEITORAL DE NY TUBOLAR FITA 15 Nº 00', 3, 9.6, 28.8),
  (28, NULL, 'PEITORAL DE NY TUBOLAR FITA 15 Nº 0', 3, 9.6, 28.8),
  (28, NULL, 'PEITORAL DE NY TUBOLAR FITA 15 Nº 1', 3, 9.6, 28.8),
  (28, NULL, 'PEITORAL DE NY TUBOLAR FITA 15 Nº 4', 3, 9.6, 28.8),
  (28, NULL, 'PEITORAL POLYESTER DESENHOS FITA 15 Nº 1', 2, 12.9, 25.8),
  (28, NULL, 'PEITORAL POLYESTER DESENHOS FITA 15 Nº 3', 1, 12.9, 12.9),
  (28, NULL, 'PEITORAL POLYESTER DESENHOS FITA 15 Nº 4', 1, 12.9, 12.9),
  (28, NULL, 'PEITORAL NYLON  EM X(AMER) FITA 20  Nº M', 4, 12.5, 50.0),
  (28, NULL, 'PEITORAL NYLON  EM X(AMER) FITA 25  Nº G', 2, 21.5, 43.0),
  (28, NULL, 'PEITORAL POLIESTER EM X(AMER) FITA 15 Nº M', 2, 13.6, 27.2),
  (28, NULL, 'PEITORAL POLIESTER EM X(AMER) FITA 15 Nº G', 2, 13.9, 27.8),
  (28, NULL, 'PEITORAL POLIESTER EM X(AMER) FITA 20 Nº M', 2, 16.9, 33.8),
  (28, NULL, 'PEITORAL POLIESTER EM X(AMER) FITA 20 Nº G', 1, 17.5, 17.5),
  (28, NULL, 'PEITORAL POLIESTER EM X(AMER) FITA 25 Nº P', 1, 19.9, 19.9),
  (28, NULL, 'PEITORAL POLIESTER EM X(AMER) FITA 25 Nº G', 3, 23.5, 70.5),
  (28, NULL, 'PEITORAL POLIESTER TRAD DUPLO NR 4 FITA 20', 1, 18.9, 18.9),
  (28, NULL, 'PEITORAL POLIESTER TRAD DUPLO NR 5 FITA 20', 3, 19.9, 59.7),
  (28, NULL, 'GUIA DE CORDA 8 MM C/ 1 METRO', 2, 8.5, 17.0),
  (28, NULL, 'GUIA DE CORDA 16 MM C/ 1 MT', 2, 16.1, 32.2),
  (28, NULL, 'GUIA DE CORDA 16 MM C/ 1 MT  COM MOLA', 2, 18.3, 36.6),
  (28, NULL, 'GUIA ENFORCADOR 16 MM X 40 CM C/MOLA', 2, 24.0, 48.0),
  (28, NULL, 'GUIA ENFORCADOR 16 MM X 60 CM C/MOLA', 2, 24.0, 48.0),
  (28, NULL, 'GUIA POLIESTER DUPLA COM 60 CM', 2, 12.9, 25.8),
  (28, NULL, 'GUIA POLIESTER DUPLA COM 1 MT', 2, 14.9, 29.8),
  (28, NULL, 'ALMOFADA COM SILICONE TAM P', 3, 26.9, 80.7),
  (28, NULL, 'ALMOFADA COM SILICONE TAM G', 1, 32.9, 32.9),
  (28, NULL, 'ALMOFADA COM SILICONE TAM GG', 2, 39.9, 79.8),
  (28, NULL, 'ALMOFADA COM SILICONE TAM EG', 1, 46.9, 46.9),
  (28, NULL, 'ALMOFADA COM SILICONE TAM EGGG', 4, 53.9, 215.6),
  (28, NULL, 'CAMA LEDY P', 4, 32.9, 131.6),
  (28, NULL, 'CAMA LEDY M', 2, 43.9, 87.8),
  (28, NULL, 'CAMA LEDY G', 4, 54.9, 219.6);

INSERT INTO orders (id, client_key, order_date, sheet_name, discount_pct, payment_terms, payment_dates, format) VALUES
  (29, 'DU CAMPO', '2025-11-04', '30.10', NULL, NULL, '04.11.2025', 'old');

INSERT INTO order_items (order_id, product_code, description, qty, unit_price, total) VALUES
  (29, NULL, 'PEITORAL DE NY TUBOLAR FITA 15 Nº 0', 1, 9.6, 9.6),
  (29, NULL, 'PEITORAL DE NY TUBOLAR FITA 15 Nº 2', 3, 9.6, 28.8),
  (29, NULL, 'PEITORAL DE NY TUBOLAR FITA 15 Nº 3', 2, 9.6, 19.2),
  (29, NULL, 'PEITORAL DE NY TUBOLAR FITA 15 Nº 4', 1, 9.6, 9.6),
  (29, NULL, 'PEITORAL DE NYLON FITA 20 NR 4', 3, 11.9, 35.7),
  (29, NULL, 'PEITORAL POLYESTER DESENHOS FITA 15 Nº 2', 2, 12.9, 25.8),
  (29, NULL, 'PEITORAL POLYESTER DESENHOS FITA 15 Nº 3', 1, 12.9, 12.9),
  (29, NULL, 'PEITORAL NYLON  EM X(AMER) FITA 20  Nº M', 2, 12.5, 25.0),
  (29, NULL, 'PEITORAL NYLON  EM X(AMER) FITA 25  Nº G', 3, 21.5, 64.5),
  (29, NULL, 'PEITORAL POLIESTER EM X(AMER) FITA 15 Nº M', 1, 13.6, 13.6),
  (29, NULL, 'PEITORAL POLIESTER EM X(AMER) FITA 15 Nº G', 1, 13.9, 13.9),
  (29, NULL, 'PEITORAL POLIESTER EM X(AMER) FITA 20 Nº P', 3, 16.5, 49.5),
  (29, NULL, 'PEITORAL POLIESTER EM X(AMER) FITA 20 Nº M', 2, 16.9, 33.8),
  (29, NULL, 'PEITORAL POLIESTER EM X(AMER) FITA 20 Nº G', 2, 17.5, 35.0),
  (29, NULL, 'PEITORAL POLIESTER EM X(AMER) FITA 25 Nº P', 2, 19.9, 39.8),
  (29, NULL, 'PEITORAL NYLON TRAD. DUPLO FITA 40 Nº M', 1, 34.9, 34.9),
  (29, NULL, 'PEITORAL NYLON TRAD. DUPLO FITA 40 Nº G', 1, 36.9, 36.9),
  (29, NULL, 'PEITORAL NYLON TRAD. DUPLO FITA 40 Nº GG', 2, 39.9, 79.8),
  (29, NULL, 'PEITORAL POLIESTER TRAD DUPLO NR 4 FITA 20', 2, 18.9, 37.8),
  (29, NULL, 'PEITORAL POLIESTER TRAD DUPLO NR 6 FITA 25', 1, 25.9, 25.9),
  (29, NULL, 'COL. COURO PINTADA Nº7', 3, 13.6, 40.8),
  (29, NULL, 'COL. COURO PINTADA Nº8', 3, 14.8, 44.4);

INSERT INTO orders (id, client_key, order_date, sheet_name, discount_pct, payment_terms, payment_dates, format) VALUES
  (30, 'DU CAMPO', '2026-01-12', '12.01.26', NULL, 'PRAZO 30-45-60-75', '12.01.26', 'old');

INSERT INTO order_items (order_id, product_code, description, qty, unit_price, total) VALUES
  (30, NULL, 'PEITORAL DE NY TUBOLAR FITA 15 Nº 0', 1, 9.6, 9.6),
  (30, NULL, 'PEITORAL DE NY TUBOLAR FITA 15 Nº 1', 4, 9.6, 38.4),
  (30, NULL, 'PEITORAL DE NY TUBOLAR FITA 15 Nº 2', 2, 9.6, 19.2),
  (30, NULL, 'PEITORAL POLYESTER DESENHOS FITA 15 Nº 1', 2, 12.9, 25.8),
  (30, NULL, 'PEITORAL POLYESTER DESENHOS FITA 15 Nº 2', 2, 12.9, 25.8),
  (30, NULL, 'PEITORAL NYLON  EM X(AMER) FITA 20  Nº M', 2, 12.5, 25.0),
  (30, NULL, 'PEITORAL NYLON  EM X(AMER) FITA 25  Nº G', 3, 21.5, 64.5),
  (30, NULL, 'PEITORAL POLIESTER EM X(AMER) FITA 15 N. P', 1, 12.9, 12.9),
  (30, NULL, 'PEITORAL POLIESTER EM X(AMER) FITA 15 Nº M', 3, 13.6, 40.8),
  (30, NULL, 'PEITORAL POLIESTER EM X(AMER) FITA 15 Nº G', 2, 13.9, 27.8),
  (30, NULL, 'PEITORAL POLIESTER EM X(AMER) FITA 20 Nº M', 2, 16.9, 33.8),
  (30, NULL, 'PEITORAL POLIESTER EM X(AMER) FITA 20 Nº G', 2, 17.5, 35.0),
  (30, NULL, 'PEITORAL POLIESTER EM X(AMER) FITA 25 Nº P', 3, 19.9, 59.7),
  (30, NULL, 'PEITORAL POLIESTER EM X(AMER) FITA 25 Nº M', 1, 21.9, 21.9),
  (30, NULL, 'PEITORAL POLIESTER EM X(AMER) FITA 25 Nº G', 2, 23.5, 47.0),
  (30, NULL, 'PEITORAL NYLON TRAD. DUPLO FITA 40 Nº M', 2, 34.9, 69.8),
  (30, NULL, 'PEITORAL NYLON TRAD. DUPLO FITA 40 Nº G', 1, 36.9, 36.9),
  (30, NULL, 'PEITORAL POLIESTER TRAD DUPLO NR 4 FITA 20', 2, 18.9, 37.8),
  (30, NULL, 'PEITORAL POLIESTER TRAD DUPLO NR 5 FITA 20', 3, 19.9, 59.7),
  (30, NULL, 'PEITORAL POLIESTER TRAD DUPLO NR 6 FITA 25', 2, 25.9, 51.8),
  (30, NULL, 'GUIA DE CORDA 8 MM C/ 1 METRO', 2, 8.5, 17.0),
  (30, NULL, 'GUIA DE CORDA 16 MM C/ 40 CM', 2, 13.5, 27.0),
  (30, NULL, 'GUIA DE CORDA 16 MM C/ 60 CM', 2, 14.4, 28.8),
  (30, NULL, 'GUIA DE CORDA 16 MM C/ 1 MT', 2, 16.1, 32.2),
  (30, NULL, 'GUIA DE CORDA 16 MM C/ 60 CM COM MOLA', 1, 16.6, 16.6),
  (30, NULL, 'GUIA DE CORDA 16 MM C/ 1 MT  COM MOLA', 2, 18.3, 36.6),
  (30, NULL, 'GUIA ENFORCADOR 16 MM X 40 CM C/MOLA', 1, 24.9, 24.9),
  (30, NULL, 'GUIA ENFORCADOR 16 MM X 60 CM C/MOLA', 2, 26.9, 53.8),
  (30, NULL, 'GUIA DE POLIESTER DUPLA   C/   60 CM', 3, 12.5, 37.5),
  (30, NULL, 'GUIA DE POLIESTER DUPLA   C/   1 MT', 1, 14.5, 14.5),
  (30, NULL, 'COL. COURO PINTADA Nº2', 3, 3.9, 11.7),
  (30, NULL, 'COL. COURO PINTADA Nº4', 3, 6.65, 19.95),
  (30, NULL, 'COL. COURO PINTADA Nº6', 6, 11.0, 66.0),
  (30, NULL, 'COL. COURO PINTADA Nº7', 6, 13.6, 81.6),
  (30, NULL, 'COL. COURO PINTADA Nº8', 6, 14.8, 88.8),
  (30, NULL, 'COL. COURO PINTADA Nº9', 6, 17.9, 107.4),
  (30, NULL, 'COL. COURO PINTADA Nº10', 3, 18.9, 56.7),
  (30, NULL, 'COLEIRA DE POLIESTER FITA 15 MM Nº 00', 6, 4.0, 24.0),
  (30, NULL, 'COLEIRA DE POLIESTER FITA 15 MM Nº 0', 3, 4.0, 12.0),
  (30, NULL, 'COLEIRA DE POLIESTER FITA 15 MM Nº 1', 6, 4.0, 24.0),
  (30, NULL, 'COLEIRA DE POLIESTER FITA 15 MM Nº 2', 6, 4.0, 24.0),
  (30, NULL, 'COLEIRA DE POLIESTER FITA 15 MM Nº 3', 3, 4.0, 12.0),
  (30, NULL, 'COLEIRA DE NYLON DUPLA COSTURADA Nº 8', 6, 9.3, 55.8),
  (30, NULL, 'COLEIRA DE NYLON DUPLA COSTURADA Nº 9', 6, 9.5, 57.0),
  (30, NULL, 'COLEIRA POLIESTER DUPLA NR 3 FITA 20', 3, 6.5, 19.5),
  (30, NULL, 'COLEIRA POLIESTER DUPLA NR 4 FITA 20', 2, 7.9, 15.8),
  (30, NULL, 'COLEIRA POLIESTER DUPLA NR 6 FITA 25', 3, 9.5, 28.5),
  (30, NULL, 'COLEIRA POLIESTER DUPLA NR 7 FITA 30', 3, 14.5, 43.5),
  (30, NULL, 'PIPI DOG G', 4, 16.99, 67.96);

INSERT INTO orders (id, client_key, order_date, sheet_name, discount_pct, payment_terms, payment_dates, format) VALUES
  (31, 'EDUARDO', '2025-09-10', '10.09.2025', NULL, NULL, '10.09.2025', 'old');

INSERT INTO order_items (order_id, product_code, description, qty, unit_price, total) VALUES
  (31, NULL, 'PEITORAL DE NY TUBOLAR FITA 15 Nº 1', 2, 9.6, 19.2),
  (31, NULL, 'PEITORAL DE NY TUBOLAR FITA 15 Nº 2', 4, 9.6, 38.4),
  (31, NULL, 'PEITORAL DE NY TUBOLAR FITA 15 Nº 3', 8, 9.6, 76.8),
  (31, NULL, 'PEITORAL NYLON TRAD. DUPLO FITA 40 Nº M', 1, 34.9, 34.9),
  (31, NULL, 'PEITORAL NYLON TRAD. DUPLO FITA 40 Nº G', 1, 36.9, 36.9),
  (31, NULL, 'GUIA DE CORDA 16 MM C/ 1 MT', 1, 16.1, 16.1),
  (31, NULL, 'GUIA DE CORDA 16 MM C/ 1 MT  COM MOLA', 1, 18.3, 18.3),
  (31, NULL, 'GUIA ENFORCADOR 16 MM X 1,20 C/ ARGOLA', 1, 15.15, 15.15),
  (31, NULL, 'COL. COURO NATURAL Nº4(X  )PINTADA Nº4(   )', 6, 6.65, 39.9),
  (31, NULL, 'COL. COURO NATURAL Nº5( X )PINTADA Nº5(   )', 5, 8.7, 43.5),
  (31, NULL, 'COL. COURO NATURAL Nº6(X  )PINTADA Nº6(   )', 3, 11.0, 33.0),
  (31, NULL, 'COLEIRA POLIESTER DUPLA NR 3 FITA 20', 4, 6.5, 26.0),
  (31, NULL, 'COLEIRA POLIESTER DUPLA NR 4 FITA 20', 2, 7.9, 15.8),
  (31, NULL, 'COLEIRA POLIESTER DUPLA NR 5 FITA 25', 1, 8.5, 8.5);

INSERT INTO orders (id, client_key, order_date, sheet_name, discount_pct, payment_terms, payment_dates, format) VALUES
  (32, 'EDUARDO', '2025-11-26', '14.11', NULL, NULL, '26.11.25', 'old');

INSERT INTO order_items (order_id, product_code, description, qty, unit_price, total) VALUES
  (32, NULL, 'PEITORAL DE NY TUBOLAR FITA 15 Nº 0', 2, 9.6, 19.2),
  (32, NULL, 'PEITORAL DE NY TUBOLAR FITA 15 Nº 2', 5, 9.6, 48.0),
  (32, NULL, 'PEITORAL DE NY TUBOLAR FITA 15 Nº 3', 2, 9.6, 19.2),
  (32, NULL, 'PEITORAL POLIESTER TRAD DUPLO NR 4 FITA 20', 1, 18.9, 18.9),
  (32, NULL, 'PEITORAL POLIESTER TRAD DUPLO NR 5 FITA 20', 1, 19.9, 19.9),
  (32, NULL, 'PEITORAL POLIESTER TRAD DUPLO NR 6 FITA 25', 1, 25.9, 25.9),
  (32, NULL, 'GUIA DE CORDA 16 MM C/ 60 CM', 1, 14.4, 14.4),
  (32, NULL, 'GUIA DE CORDA 16 MM C/ 60 CM COM MOLA', 1, 16.6, 16.6),
  (32, NULL, 'COL. COURO NATURAL Nº4', 3, 6.0, 18.0),
  (32, NULL, 'COL. COURO NATURAL Nº5', 2, 6.2, 12.4),
  (32, NULL, 'COL. COURO NATURAL Nº6', 5, 7.6, 38.0),
  (32, NULL, 'COL. COURO NATURAL Nº8', 3, 12.2, 36.6),
  (32, NULL, 'COL. COURO NATURAL Nº9', 4, 16.9, 67.6),
  (32, NULL, 'COL COUR NATURAL Nº10', 3, 18.9, 56.7),
  (32, NULL, 'COLEIRA PARA GATOS TAM. ÚNICO', 10, 3.8, 38.0),
  (32, NULL, 'COLEIRA POLIESTER DUPLA NR 3 FITA 20', 3, 6.5, 19.5),
  (32, NULL, 'COLEIRA POLIESTER DUPLA NR 4 FITA 20', 1, 7.9, 7.9),
  (32, NULL, 'COLEIRA POLIESTER DUPLA NR 5 FITA 25', 2, 8.5, 17.0),
  (32, NULL, 'COLEIRA POLIESTER DUPLA NR 6 FITA 25', 4, 9.5, 38.0),
  (32, NULL, 'COLEIRA POLIESTER DUPLA NR 7 FITA 30', 1, 14.5, 14.5),
  (32, NULL, 'ALMOFADA COM SILICONE TAM P', 1, 26.9, 26.9),
  (32, NULL, 'ALMOFADA COM SILICONE TAM M', 1, 29.9, 29.9),
  (32, NULL, 'ALMOFADA COM SILICONE TAM G', 1, 32.9, 32.9),
  (32, NULL, 'ALMOFADA COM SILICONE TAM GG', 1, 39.9, 39.9),
  (32, NULL, 'ALMOFADA COM SILICONE TAM EG', 1, 46.9, 46.9);

INSERT INTO orders (id, client_key, order_date, sheet_name, discount_pct, payment_terms, payment_dates, format) VALUES
  (33, 'EDUARDO', '2026-01-16', '09.01.26', NULL, NULL, '16.01.26', 'old');

INSERT INTO order_items (order_id, product_code, description, qty, unit_price, total) VALUES
  (33, NULL, 'PEITORAL DE NY TUBOLAR FITA 15 Nº 0', 3, 9.6, 28.8),
  (33, NULL, 'PEITORAL DE NY TUBOLAR FITA 15 Nº 1', 4, 9.6, 38.4),
  (33, NULL, 'PEITORAL DE NY TUBOLAR FITA 15 Nº 2', 2, 9.6, 19.2),
  (33, NULL, 'PEITORAL DE NY TUBOLAR FITA 15 Nº 3', 2, 9.6, 19.2),
  (33, NULL, 'PEITORAL DE NY TUBOLAR FITA 15 Nº 4', 5, 9.6, 48.0),
  (33, NULL, 'PEITORAL NYLON TRAD. DUPLO FITA 40 Nº G', 2, 36.9, 73.8),
  (33, NULL, 'PEITORAL NYLON TRAD. DUPLO FITA 40 Nº GG', 2, 39.9, 79.8),
  (33, NULL, 'PEITORAL POLIESTER TRAD DUPLO NR 4 FITA 20', 3, 18.9, 56.7),
  (33, NULL, 'PEITORAL POLIESTER TRAD DUPLO NR 5 FITA 20', 4, 19.9, 79.6),
  (33, NULL, 'PEITORAL POLIESTER TRAD DUPLO NR 6 FITA 25', 4, 25.9, 103.6),
  (33, NULL, 'GUIA DE CORDA 8 MM C/ 1 METRO', 2, 8.5, 17.0),
  (33, NULL, 'GUIA DE CORDA 16 MM C/ 40 CM', 1, 13.5, 13.5),
  (33, NULL, 'GUIA DE CORDA 16 MM C/ 60 CM', 1, 14.4, 14.4),
  (33, NULL, 'GUIA DE CORDA 16 MM C/ 1 MT', 2, 16.1, 32.2),
  (33, NULL, 'GUIA DE CORDA 16 MM  C/40 CM COM MOLA', 1, 15.8, 15.8),
  (33, NULL, 'GUIA DE CORDA 16 MM C/ 60 CM COM MOLA', 1, 16.6, 16.6),
  (33, NULL, 'COL. COURO NATURAL Nº3', 6, 4.35, 26.1),
  (33, NULL, 'COL. COURO NATURAL Nº4', 4, 6.0, 24.0),
  (33, NULL, 'COL. COURO NATURAL Nº5', 3, 6.2, 18.6),
  (33, NULL, 'COL. COURO NATURAL Nº7', 3, 9.9, 29.7),
  (33, NULL, 'COLEIRA POLIESTER DUPLA NR 3 FITA 20', 6, 6.5, 39.0),
  (33, NULL, 'COLEIRA POLIESTER DUPLA NR 4 FITA 20', 1, 7.9, 7.9),
  (33, NULL, 'COLEIRA POLIESTER DUPLA NR 5 FITA 25', 3, 8.5, 25.5),
  (33, NULL, 'COLEIRA POLIESTER DUPLA NR 6 FITA 25', 1, 9.5, 9.5),
  (33, NULL, 'COLEIRA POLIESTER DUPLA NR 7 FITA 30', 2, 14.5, 29.0);

INSERT INTO orders (id, client_key, order_date, sheet_name, discount_pct, payment_terms, payment_dates, format) VALUES
  (34, 'ELAINE (ITAJAI)', '2025-11-05', '27.10', NULL, NULL, '05.11.25', 'old');

INSERT INTO order_items (order_id, product_code, description, qty, unit_price, total) VALUES
  (34, NULL, 'PEITORAL DE NY TUBOLAR FITA 15 Nº 3', 2, 9.6, 19.2),
  (34, NULL, 'PEITORAL POLYESTER DESENHOS FITA 15 Nº 00', 2, 12.9, 25.8),
  (34, NULL, 'PEITORAL POLYESTER DESENHOS FITA 15 Nº 1', 2, 12.9, 25.8),
  (34, NULL, 'PEITORAL POLIESTER EM X(AMER) FITA 20 Nº P', 2, 16.5, 33.0),
  (34, NULL, 'PEITORAL POLIESTER EM X(AMER) FITA 20 Nº G', 4, 17.5, 70.0),
  (34, NULL, 'PEITORAL POLIESTER EM X(AMER) FITA 25 Nº P', 2, 19.9, 39.8),
  (34, NULL, 'PEITORAL POLIESTER EM X(AMER) FITA 25 Nº G', 1, 23.5, 23.5),
  (34, NULL, 'PEITORAL NYLON TRAD. DUPLO FITA 40 Nº M', 2, 34.9, 69.8),
  (34, NULL, 'PEITORAL NYLON TRAD. DUPLO FITA 40 Nº G', 1, 36.9, 36.9),
  (34, NULL, 'PEITORAL NYLON TRAD. DUPLO FITA 40 Nº GG', 2, 39.9, 79.8),
  (34, NULL, 'PEITORAL POLIESTER TRAD DUPLO NR 4 FITA 20', 3, 18.9, 56.7),
  (34, NULL, 'PEITORAL POLIESTER TRAD DUPLO NR 5 FITA 20', 2, 19.9, 39.8),
  (34, NULL, 'PEITORAL POLIESTER TRAD DUPLO NR 6 FITA 25', 1, 25.9, 25.9),
  (34, NULL, 'GUIA DE CORDA 16 MM C/ 40 CM', 1, 13.5, 13.5),
  (34, NULL, 'GUIA DE CORDA 16 MM C/ 1 MT', 1, 16.1, 16.1),
  (34, NULL, 'GUIA DE CORDA 16 MM  C/40 CM COM MOLA', 1, 15.8, 15.8),
  (34, NULL, 'GUIA ENFORCADOR 16 MM X 1,20 C/ ARGOLA', 1, 14.9, 14.9),
  (34, NULL, 'COL. COURO PINTADA Nº1', 4, 3.0, 12.0),
  (34, NULL, 'COL. COURO PINTADA Nº6', 3, 11.0, 33.0),
  (34, NULL, 'COL. COURO PINTADA Nº7', 4, 13.6, 54.4),
  (34, NULL, 'COL. COURO PINTADA Nº8', 3, 14.8, 44.4),
  (34, NULL, 'COLEIRA NYLON LISA FITA 20MM  Nº 6', 6, 4.0, 24.0),
  (34, NULL, 'PEITORAL POLIESTER GATO TAM ÚNICO', 1, 12.9, 12.9),
  (34, NULL, 'COLEIRA POLIESTER DUPLA NR 3 FITA 20', 1, 6.5, 6.5),
  (34, NULL, 'COLEIRA POLIESTER DUPLA NR 4 FITA 20', 3, 7.9, 23.7),
  (34, NULL, 'COLEIRA POLIESTER DUPLA NR 5 FITA 25', 1, 8.5, 8.5),
  (34, NULL, 'COLEIRA POLIESTER DUPLA NR 6 FITA 25', 1, 9.5, 9.5),
  (34, NULL, 'MANTA PET ( MANDAR 1 DE BRINDE) ENTREGUE', 10, 14.99, 149.9);

INSERT INTO orders (id, client_key, order_date, sheet_name, discount_pct, payment_terms, payment_dates, format) VALUES
  (35, 'ELAINE (ITAJAI)', '2026-03-04', '04.03.26', NULL, 'PRAZO 30-45-60-75', '04.03.2026', 'new');

INSERT INTO order_items (order_id, product_code, description, qty, unit_price, total) VALUES
  (35, 'OO3', 'PEITORAL DE NY TUBOLAR FITA 15 Nº 1', 2, 9.6, 19.2),
  (35, 'O34', 'PEITORAL POLIESTER DUPLO FITA 25 Nº 6', 1, 25.9, 25.9),
  (35, 'O36', 'GUIA DE CORDA 8 MM C/ 1 METRO', 2, 8.5, 17.0),
  (35, 'O40', 'GUIA DE CORDA 16 MM C/ 60 CM', 2, 14.4, 28.8),
  (35, 'O41', 'GUIA DE CORDA 16 MM C/ 1 MT', 2, 16.1, 32.2),
  (35, 'O43', 'GUIA DE CORDA 16 MM C/ 60 CM C/ MOLA', 1, 16.6, 16.6),
  (35, 'O44', 'GUIA DE CORDA 16 MM C/ 1 MT  C/ MOLA', 1, 18.3, 18.3),
  (35, 'O53', 'GUIA DE NYLON TUBOLAR  FITA 15 C/ 1 MT', 4, 4.5, 18.0),
  (35, 'O54', 'GUIA DE POLIESTER  FITA 15  C/   1 MT', 4, 6.5, 26.0),
  (35, 'O55', 'GUIA DE POLIESTER DUPLA   C/   60 CM', 2, 12.5, 25.0),
  (35, 'O56', 'GUIA DE POLIESTER DUPLA   C/   1 MT', 2, 14.5, 29.0),
  (35, 'O61', 'PEITORAL NYLON DUPLO REFORÇADO TAM P', 2, 27.9, 55.8),
  (35, 'O62', 'PEITORAL NYLON DUPLO REFORÇADO TAM M', 1, 29.9, 29.9),
  (35, 'O63', 'PEITORAL NYLON DUPLO REFORÇADO TAM G', 2, 30.9, 61.8),
  (35, 'O75', 'COL. COURO PINTADA Nº2', 3, 3.14, 9.42),
  (35, 'O76', 'COL. COURO PINTADA Nº3', 6, 4.9, 29.4),
  (35, 'O77', 'COL. COURO PINTADA Nº4', 6, 6.3, 37.8),
  (35, 'O98', 'PEITORAL POLIESTER GATO TAM ÚNICO', 3, 12.9, 38.7),
  (35, '106', 'COLEIRA POLIESTER DUPLA NR 3 FITA 20', 5, 6.5, 32.5),
  (35, '108', 'COLEIRA POLIESTER DUPLA NR 5 FITA 25', 3, 8.5, 25.5),
  (35, '111', 'ALMOFADA COM SILICONE TAM P', 2, 26.9, 53.8),
  (35, '112', 'ALMOFADA COM SILICONE TAM M', 2, 29.9, 59.8),
  (35, '113', 'ALMOFADA COM SILICONE TAM G', 2, 32.9, 65.8),
  (35, '114', 'ALMOFADA COM SILICONE TAM GG', 2, 39.9, 79.8),
  (35, '115', 'ALMOFADA COM SILICONE TAM EG', 2, 46.9, 93.8),
  (35, '116', 'ALMOFADA COM SILICONE TAM EGGG', 2, 53.9, 107.8),
  (35, '117', 'CAMA LEDY P', 1, 32.9, 32.9),
  (35, '118', 'CAMA LEDY M', 1, 43.9, 43.9);

INSERT INTO orders (id, client_key, order_date, sheet_name, discount_pct, payment_terms, payment_dates, format) VALUES
  (36, 'ELAINE (NAVEGANTES)', '2025-10-20', '20.10', NULL, NULL, '20.10.2025', 'old');

INSERT INTO order_items (order_id, product_code, description, qty, unit_price, total) VALUES
  (36, NULL, 'PEITORAL POLIESTER EM X(AMER) FITA 20 Nº M', 5, 16.9, 84.5),
  (36, NULL, 'CAMA LEDY P', 2, 32.9, 65.8),
  (36, NULL, 'CAMA LEDY M', 2, 43.9, 87.8),
  (36, NULL, 'CAMA LEDY G', 2, 54.9, 109.8);

INSERT INTO orders (id, client_key, order_date, sheet_name, discount_pct, payment_terms, payment_dates, format) VALUES
  (37, 'ELAINE (NAVEGANTES)', '2026-01-16', '08.01.26', NULL, NULL, '16.01.2026', 'old');

INSERT INTO order_items (order_id, product_code, description, qty, unit_price, total) VALUES
  (37, NULL, 'GUIA DE CORDA 8 MM C/ 1 METRO', 3, 8.5, 25.5),
  (37, NULL, 'GUIA DE CORDA 16 MM C/ 60 CM', 2, 14.4, 28.8),
  (37, NULL, 'GUIA DE CORDA 16 MM C/ 60 CM COM MOLA', 2, 16.6, 33.2),
  (37, NULL, 'ENFORCADOR', 3, 10.0, 30.0),
  (37, NULL, 'CINTO DE SEGURANÇA PET FITA 25', 2, 10.5, 21.0),
  (37, NULL, 'COLEIRA POLIESTER DUPLA NR 3 FITA 20', 6, 6.5, 39.0),
  (37, NULL, 'COLEIRA POLIESTER DUPLA NR 4 FITA 20', 6, 7.9, 47.4),
  (37, NULL, 'COLEIRA POLIESTER DUPLA NR 5 FITA 25', 3, 8.5, 25.5),
  (37, NULL, 'COLEIRA POLIESTER DUPLA NR 7 FITA 30', 3, 14.5, 43.5),
  (37, NULL, 'ALMOFADA COM SILICONE TAM P', 2, 26.9, 53.8),
  (37, NULL, 'ALMOFADA COM SILICONE TAM M', 2, 29.9, 59.8),
  (37, NULL, 'ALMOFADA COM SILICONE TAM G', 2, 32.9, 65.8),
  (37, NULL, 'ALMOFADA COM SILICONE TAM GG', 2, 39.9, 79.8),
  (37, NULL, 'ALMOFADA COM SILICONE TAM EG', 2, 46.9, 93.8),
  (37, NULL, 'ALMOFADA COM SILICONE TAM EGGG', 2, 53.9, 107.8);

INSERT INTO orders (id, client_key, order_date, sheet_name, discount_pct, payment_terms, payment_dates, format) VALUES
  (38, 'FORMENTO', '2025-10-24', '17.10', NULL, NULL, '24.10.2025', 'old');

INSERT INTO order_items (order_id, product_code, description, qty, unit_price, total) VALUES
  (38, NULL, 'PEITORAL DE NY TUBOLAR FITA 15 Nº 00', 2, 9.6, 19.2),
  (38, NULL, 'PEITORAL DE NY TUBOLAR FITA 15 Nº 0', 4, 9.6, 38.4),
  (38, NULL, 'PEITORAL DE NY TUBOLAR FITA 15 Nº 1', 4, 9.6, 38.4),
  (38, NULL, 'PEITORAL DE NY TUBOLAR FITA 15 Nº 2', 2, 9.6, 19.2),
  (38, NULL, 'PEITORAL DE NY TUBOLAR FITA 15 Nº 3', 4, 9.6, 38.4),
  (38, NULL, 'PEITORAL POLYESTER DESENHOS FITA 15 Nº 00', 4, 12.9, 51.6),
  (38, NULL, 'PEITORAL POLYESTER DESENHOS FITA 15 Nº 0', 2, 12.9, 25.8),
  (38, NULL, 'PEITORAL POLYESTER DESENHOS FITA 15 Nº 1', 2, 12.9, 25.8),
  (38, NULL, 'PEITORAL POLYESTER DESENHOS FITA 15 Nº 2', 2, 12.9, 25.8),
  (38, NULL, 'PEITORAL POLYESTER DESENHOS FITA 15 Nº 3', 2, 12.9, 25.8),
  (38, NULL, 'PEITORAL POLYESTER DESENHOS FITA 15 Nº 4', 2, 12.9, 25.8),
  (38, NULL, 'PEITORAL POLIESTER TRAD DUPLO NR 4 FITA 20', 3, 18.9, 56.7),
  (38, NULL, 'PEITORAL POLIESTER TRAD DUPLO NR 5 FITA 20', 4, 19.9, 79.6),
  (38, NULL, 'PEITORAL POLIESTER TRAD DUPLO NR 6 FITA 25', 3, 25.9, 77.7),
  (38, NULL, 'GUIA DE CORDA 16 MM C/ 40 CM', 1, 13.5, 13.5),
  (38, NULL, 'GUIA DE CORDA 16 MM C/ 60 CM', 1, 14.4, 14.4),
  (38, NULL, 'GUIA DE CORDA 16 MM C/ 1 MT', 1, 16.1, 16.1),
  (38, NULL, 'GUIA DE CORDA 16 MM  C/40 CM COM MOLA', 1, 15.8, 15.8),
  (38, NULL, 'GUIA DE CORDA 16 MM C/ 60 CM COM MOLA', 1, 16.6, 16.6),
  (38, NULL, 'GUIA ENFORCADOR 16 MM X 40 CM C/MOLA', 1, 24.9, 24.9),
  (38, NULL, 'GUIA ENFORCADOR 16 MM X 60 CM C/MOLA', 1, 26.9, 26.9),
  (38, NULL, 'GUIA ENFORCADOR 16 MM X 1,20 C/ ARGOLA', 1, 14.9, 14.9),
  (38, NULL, 'PEITORAL NYLON DUPLO REFORÇADO TAM G', 2, 30.9, 61.8),
  (38, NULL, 'COL. COURO PINTADA Nº1', 4, 3.0, 12.0),
  (38, NULL, 'COL. COURO PINTADA Nº2', 4, 3.9, 15.6),
  (38, NULL, 'COL. COURO PINTADA Nº3', 4, 6.0, 24.0),
  (38, NULL, 'COL. COURO PINTADA Nº4', 4, 6.65, 26.6),
  (38, NULL, 'COL. COURO PINTADA Nº5', 3, 8.7, 26.1),
  (38, NULL, 'COL. COURO PINTADA Nº8', 2, 14.8, 29.6),
  (38, NULL, 'COL. COURO PINTADA Nº10', 3, 19.9, 59.7),
  (38, NULL, 'COLEIRA POLIESTER DUPLA NR 3 FITA 20', 3, 6.5, 19.5),
  (38, NULL, 'COLEIRA POLIESTER DUPLA NR 4 FITA 20', 1, 7.9, 7.9),
  (38, NULL, 'COLEIRA POLIESTER DUPLA NR 5 FITA 25', 2, 8.5, 17.0),
  (38, NULL, 'COLEIRA POLIESTER DUPLA NR 6 FITA 25', 2, 9.5, 19.0),
  (38, NULL, 'COLEIRA POLIESTER DUPLA NR 7 FITA 30', 2, 14.5, 29.0);

INSERT INTO orders (id, client_key, order_date, sheet_name, discount_pct, payment_terms, payment_dates, format) VALUES
  (39, 'FRAN (FAZENDA)', '2025-11-12', '04.11', NULL, NULL, '12.11.2025', 'old');

INSERT INTO order_items (order_id, product_code, description, qty, unit_price, total) VALUES
  (39, NULL, 'PEITORAL DE NY TUBOLAR FITA 15 Nº 00', 1, 9.6, 9.6),
  (39, NULL, 'PEITORAL DE NY TUBOLAR FITA 15 Nº 0', 1, 9.6, 9.6),
  (39, NULL, 'PEITORAL DE NY TUBOLAR FITA 15 Nº 1', 1, 9.6, 9.6),
  (39, NULL, 'PEITORAL DE NY TUBOLAR FITA 15 Nº 2', 1, 9.6, 9.6),
  (39, NULL, 'PEITORAL DE NY TUBOLAR FITA 15 Nº 3', 1, 9.6, 9.6),
  (39, NULL, 'PEITORAL POLIESTER EM X(AMER) FITA 20 Nº P', 3, 16.5, 49.5),
  (39, NULL, 'PEITORAL POLIESTER EM X(AMER) FITA 20 Nº M', 4, 16.9, 67.6),
  (39, NULL, 'PEITORAL POLIESTER EM X(AMER) FITA 25 Nº P', 2, 19.9, 39.8),
  (39, NULL, 'PEITORAL POLIESTER EM X(AMER) FITA 25 Nº M', 2, 21.9, 43.8),
  (39, NULL, 'PEITORAL POLIESTER TRAD DUPLO NR 4 FITA 20', 3, 18.9, 56.7),
  (39, NULL, 'PEITORAL POLIESTER TRAD DUPLO NR 5 FITA 20', 2, 19.9, 39.8),
  (39, NULL, 'PEITORAL POLIESTER TRAD DUPLO NR 6 FITA 25', 2, 25.9, 51.8),
  (39, NULL, 'GUIA DE NYLON TUBOLAR   C/   1 MT', 6, 4.9, 29.4),
  (39, NULL, 'GUIA DE POLIESTER    C/   1 MT', 6, 6.9, 41.4),
  (39, NULL, 'GUIA DE POLIESTER DUPLA   C/   60 CM', 4, 12.9, 51.6),
  (39, NULL, 'GUIA DE POLIESTER DUPLA   C/   1 MT', 4, 14.9, 59.6),
  (39, NULL, 'PEITORAL NYLON DUPLO REFORÇADO TAM M', 3, 29.9, 89.7),
  (39, NULL, 'PEITORAL NYLON DUPLO REFORÇADO TAM G', 2, 30.9, 61.8),
  (39, NULL, 'COL. COURO NATURAL Nº2', 6, 2.8, 16.8),
  (39, NULL, 'COL. COURO NATURAL Nº3', 6, 4.35, 26.1),
  (39, NULL, 'COL. COURO NATURAL Nº5', 12, 6.2, 74.4),
  (39, NULL, 'COL. COURO NATURAL Nº7', 6, 9.9, 59.4),
  (39, NULL, 'COL. COURO NATURAL Nº8', 6, 12.2, 73.2),
  (39, NULL, 'COLEIRA NYLON  TUBOLAR FITA 15 MM Nº 0', 12, 3.5, 42.0),
  (39, NULL, 'COLEIRA NYLON  TUBOLAR FITA 15 MM Nº 1', 12, 3.5, 42.0),
  (39, NULL, 'COLEIRA NYLON  TUBOLAR FITA 15 MM Nº 2', 12, 3.5, 42.0),
  (39, NULL, 'COLEIRA NYLON  TUBOLAR FITA 15 MM Nº 3', 12, 3.5, 42.0),
  (39, NULL, 'COLEIRA NYLON LISA FITA 20MM  Nº 4', 12, 4.0, 48.0),
  (39, NULL, 'COLEIRA NYLON LISA FITA 20MM  Nº 6', 12, 4.0, 48.0),
  (39, NULL, 'COLEIRA DE POLIESTER FITA 15 MM Nº 0', 12, 4.0, 48.0),
  (39, NULL, 'COLEIRA DE POLIESTER FITA 15 MM Nº 1', 12, 4.0, 48.0),
  (39, NULL, 'COLEIRA DE POLIESTER FITA 15 MM Nº 2', 12, 4.0, 48.0),
  (39, NULL, 'COLEIRA DE POLIESTER FITA 15 MM Nº 3', 12, 4.0, 48.0),
  (39, NULL, 'PEITORAL POLIESTER GATO TAM ÚNICO', 4, 12.9, 51.6),
  (39, NULL, 'COLEIRA DE NYLON DUPLA COSTURADA Nº 4', 6, 7.0, 42.0),
  (39, NULL, 'COLEIRA DE NYLON DUPLA COSTURADA Nº 5', 6, 7.5, 45.0),
  (39, NULL, 'COLEIRA DE NYLON DUPLA COSTURADA Nº 6', 3, 7.6, 22.8),
  (39, NULL, 'COLEIRA DE NYLON DUPLA COSTURADA Nº 7', 6, 8.9, 53.4),
  (39, NULL, 'COLEIRA DE NYLON DUPLA COSTURADA Nº 8', 6, 9.3, 55.8),
  (39, NULL, 'COLEIRA POLIESTER DUPLA NR 3 FITA 20', 6, 6.5, 39.0),
  (39, NULL, 'COLEIRA POLIESTER DUPLA NR 4 FITA 20', 7, 7.9, 55.3),
  (39, NULL, 'COLEIRA POLIESTER DUPLA NR 5 FITA 25', 6, 8.5, 51.0),
  (39, NULL, 'COLEIRA POLIESTER DUPLA NR 6 FITA 25', 4, 9.5, 38.0),
  (39, NULL, 'PIPI DOG', 4, 16.99, 67.96);

INSERT INTO orders (id, client_key, order_date, sheet_name, discount_pct, payment_terms, payment_dates, format) VALUES
  (40, 'GADOTTI', '2025-10-03', '03.10', NULL, NULL, '03.10.2025', 'old');

INSERT INTO order_items (order_id, product_code, description, qty, unit_price, total) VALUES
  (40, NULL, 'PEITORAL POLIESTER EM X(AMER) FITA 20 Nº G', 5, 17.5, 87.5),
  (40, NULL, 'PEITORAL POLIESTER EM X(AMER) FITA 25 Nº P', 4, 19.9, 79.6),
  (40, NULL, 'PEITORAL POLIESTER EM X(AMER) FITA 25 Nº M', 2, 21.9, 43.8),
  (40, NULL, 'PEITORAL POLIESTER EM X(AMER) FITA 25 Nº G', 3, 23.9, 71.7),
  (40, NULL, 'PEITORAL NYLON TRAD. DUPLO FITA 40 Nº M', 2, 34.9, 69.8),
  (40, NULL, 'PEITORAL NYLON TRAD. DUPLO FITA 40 Nº G', 2, 36.9, 73.8),
  (40, NULL, 'PEITORAL NYLON TRAD. DUPLO FITA 40 Nº GG', 2, 39.9, 79.8),
  (40, NULL, 'PEITORAL POLIESTER TRAD DUPLO NR 4 FITA 20', 4, 18.9, 75.6),
  (40, NULL, 'PEITORAL POLIESTER TRAD DUPLO NR 5 FITA 20', 4, 19.9, 79.6),
  (40, NULL, 'PEITORAL POLIESTER TRAD DUPLO NR 6 FITA 25', 4, 23.9, 95.6),
  (40, NULL, 'PEITORAL POLIESTER P/GATO TAM ÚNICO', 2, 12.9, 25.8),
  (40, NULL, 'GUIA ENFORCADOR 16 MM X 1,20 C/ ARGOLA', 3, 14.9, 44.7),
  (40, NULL, 'COLEIRA PARA GATOS TAM. ÚNICO', 10, 3.8, 38.0),
  (40, NULL, 'COLEIRA POLIESTER DUPLA NR 5 FITA 25', 6, 8.5, 51.0),
  (40, NULL, 'COLEIRA POLIESTER DUPLA NR 6 FITA 25', 6, 9.5, 57.0),
  (40, NULL, 'COLEIRA POLIESTER DUPLA NR 7 FITA 30', 6, 14.5, 87.0);

INSERT INTO orders (id, client_key, order_date, sheet_name, discount_pct, payment_terms, payment_dates, format) VALUES
  (41, 'GADOTTI', '2025-12-18', '15.12', NULL, NULL, '18.12.25', 'old');

INSERT INTO order_items (order_id, product_code, description, qty, unit_price, total) VALUES
  (41, NULL, 'PEITORAL POLIESTER EM X(AMER) FITA 20 Nº P', 3, 16.5, 49.5),
  (41, NULL, 'PEITORAL POLIESTER EM X(AMER) FITA 20 Nº M', 3, 16.9, 50.7),
  (41, NULL, 'PEITORAL POLIESTER EM X(AMER) FITA 20 Nº G', 3, 17.5, 52.5),
  (41, NULL, 'PEITORAL POLIESTER EM X(AMER) FITA 25 Nº P', 3, 19.9, 59.7),
  (41, NULL, 'PEITORAL POLIESTER EM X(AMER) FITA 25 Nº M', 2, 21.9, 43.8),
  (41, NULL, 'PEITORAL POLIESTER EM X(AMER) FITA 25 Nº G', 2, 23.5, 47.0),
  (41, NULL, 'PEITORAL NYLON TRAD. DUPLO FITA 40 Nº M', 1, 34.9, 34.9),
  (41, NULL, 'PEITORAL NYLON TRAD. DUPLO FITA 40 Nº G', 1, 36.9, 36.9),
  (41, NULL, 'GUIA DE CORDA 8 MM C/ 1 METRO', 2, 8.5, 17.0),
  (41, NULL, 'GUIA DE CORDA 16 MM C/ 1 MT', 2, 16.1, 32.2),
  (41, NULL, 'GUIA DE CORDA 16 MM  C/40 CM COM MOLA', 2, 15.8, 31.6),
  (41, NULL, 'GUIA DE CORDA 16 MM C/ 1 MT  COM MOLA', 2, 18.3, 36.6),
  (41, NULL, 'GUIA ENFORCADOR 16 MM X 1,20 C/ ARGOLA', 2, 14.9, 29.8),
  (41, NULL, 'COLEIRA PARA GATOS TAM. ÚNICO', 10, 3.8, 38.0),
  (41, NULL, 'COLEIRA POLIESTER DUPLA NR 6 FITA 25', 2, 9.5, 19.0);

INSERT INTO orders (id, client_key, order_date, sheet_name, discount_pct, payment_terms, payment_dates, format) VALUES
  (42, 'GIOPET (ITAJAI)', '2025-11-07', '07.11', NULL, NULL, '07.11.25', 'old');

INSERT INTO order_items (order_id, product_code, description, qty, unit_price, total) VALUES
  (42, NULL, 'PEITORAL DE NY TUBOLAR FITA 15 Nº 00', 2, 9.6, 19.2),
  (42, NULL, 'PEITORAL DE NY TUBOLAR FITA 15 Nº 0', 2, 9.6, 19.2),
  (42, NULL, 'PEITORAL DE NY TUBOLAR FITA 15 Nº 1', 1, 9.6, 9.6),
  (42, NULL, 'PEITORAL DE NY TUBOLAR FITA 15 Nº 2', 2, 9.6, 19.2),
  (42, NULL, 'PEITORAL DE NY TUBOLAR FITA 15 Nº 3', 2, 9.6, 19.2),
  (42, NULL, 'PEITORAL DE NY TUBOLAR FITA 15 Nº 4', 2, 9.6, 19.2),
  (42, NULL, 'COLEIRA POLIESTER DUPLA NR 3 FITA 20', 1, 6.5, 6.5),
  (42, NULL, 'COLEIRA POLIESTER DUPLA NR 4 FITA 20', 1, 7.9, 7.9),
  (42, NULL, 'COLEIRA POLIESTER DUPLA NR 5 FITA 25', 1, 8.5, 8.5),
  (42, NULL, 'COLEIRA POLIESTER DUPLA NR 6 FITA 25', 1, 9.5, 9.5);

INSERT INTO orders (id, client_key, order_date, sheet_name, discount_pct, payment_terms, payment_dates, format) VALUES
  (43, 'IMPERIO DAS RAÇÕES', '2025-11-10', '10.11', NULL, NULL, NULL, 'old');

INSERT INTO order_items (order_id, product_code, description, qty, unit_price, total) VALUES
  (43, NULL, 'PEITORAL POLYESTER DESENHOS FITA 15 Nº 2', 5, 12.9, 64.5),
  (43, NULL, 'PEITORAL POLIESTER TRAD DUPLO NR 4 FITA 20', 2, 18.9, 37.8),
  (43, NULL, 'GUIA DE CORDA 16 MM C/ 60 CM', 1, 14.4, 14.4),
  (43, NULL, 'GUIA ENFORCADOR 16 MM X 40 CM C/MOLA', 1, 24.9, 24.9),
  (43, NULL, 'GUIA ENFORCADOR 16 MM X 60 CM C/MOLA', 1, 26.9, 26.9),
  (43, NULL, 'GUIA ENFORCADOR 16 MM X 1,20 C/ ARGOLA', 2, 14.9, 29.8),
  (43, NULL, 'PEITORAL POLIESTER GATO TAM ÚNICO', 1, 12.9, 12.9);

INSERT INTO orders (id, client_key, order_date, sheet_name, discount_pct, payment_terms, payment_dates, format) VALUES
  (44, 'IMPERIO DAS RAÇÕES', '2026-03-30', '30.03.26', NULL, 'PRAZO 30-45-60', '30.03.26', 'new');

INSERT INTO order_items (order_id, product_code, description, qty, unit_price, total) VALUES
  (44, 'O11', 'PEITORAL POLYESTER  FITA 15 Nº 1', 3, 12.9, 38.7),
  (44, 'O13', 'PEITORAL POLYESTER  FITA 15 Nº 3', 4, 12.9, 51.6),
  (44, 'O14', 'PEITORAL POLYESTER  FITA 15 Nº 4', 1, 12.9, 12.9),
  (44, 'O35', 'GUIA DE CORDA 6 MM C/ 1 METRO', 3, 7.6, 22.8),
  (44, 'O36', 'GUIA DE CORDA 8 MM C/ 1 METRO', 1, 8.5, 8.5),
  (44, '120', 'SUETER TAM 00', 6, 6.5, 39.0),
  (44, '121', 'SUETER TAM 0', 6, 8.25, 49.5),
  (44, '122', 'SUETER TAM 02', 6, 8.7, 52.2),
  (44, '123', 'SUETER TAM 04', 6, 8.9, 53.4),
  (44, '124', 'SUETER TAM 06', 6, 12.0, 72.0),
  (44, '125', 'SUETER TAM 08', 6, 14.2, 85.2),
  (44, '126', 'SUETER TAM 10', 6, 14.5, 87.0),
  (44, '127', 'SUETER TAM 12', 6, 16.9, 101.4),
  (44, '128', 'SUETER TAM 14', 6, 17.5, 105.0),
  (44, '129', 'SUETER TAM 16', 6, 19.9, 119.4);

INSERT INTO orders (id, client_key, order_date, sheet_name, discount_pct, payment_terms, payment_dates, format) VALUES
  (45, 'INDIO', '2025-09-17', '17.09', NULL, NULL, '17.09.25', 'old');

INSERT INTO order_items (order_id, product_code, description, qty, unit_price, total) VALUES
  (45, NULL, 'PEITORAL DE NY TUBOLAR FITA 15 Nº 00', 3, 9.6, 28.8),
  (45, NULL, 'PEITORAL DE NY TUBOLAR FITA 15 Nº 1', 1, 9.6, 9.6),
  (45, NULL, 'PEITORAL DE NY TUBOLAR FITA 15 Nº 2', 5, 9.6, 48.0),
  (45, NULL, 'PEITORAL DE NY TUBOLAR FITA 15 Nº 3', 2, 9.6, 19.2),
  (45, NULL, 'PEITORAL POLIESTER EM X(AMER) FITA 20 Nº P', 1, 16.5, 16.5),
  (45, NULL, 'PEITORAL POLIESTER TRAD DUPLO NR 4 FITA 20', 2, 18.9, 37.8),
  (45, NULL, 'PEITORAL POLIESTER TRAD DUPLO NR 5 FITA 20', 1, 19.9, 19.9),
  (45, NULL, 'GUIA ENFORCADOR 16 MM X 1,20 C/ ARGOLA', 1, 14.9, 14.9),
  (45, NULL, 'COLEIRA REGUL POLIESTER FITA 20 TAM M', 1, 6.9, 6.9),
  (45, NULL, 'COLEIRA REGUL POLIESTER FITA 25 TAM G', 1, 8.9, 8.9),
  (45, NULL, 'GUIA DE NYLON TUBOLAR   C/   1 MT', 2, 4.9, 9.8),
  (45, NULL, 'GUIA DE POLIESTER    C/   1 MT', 2, 6.9, 13.8),
  (45, NULL, 'GUIA DE POLIESTER DUPLA   C/   1 MT', 1, 14.9, 14.9),
  (45, NULL, 'COL. COURO NATURAL Nº2( X  )PINTADA Nº2(   )', 6, 2.8, 16.8),
  (45, NULL, 'COL. COURO NATURAL Nº3( X )PINTADA Nº3(   )', 6, 4.35, 26.1),
  (45, NULL, 'COL. COURO NATURAL Nº4(  X )PINTADA Nº4(   )', 3, 6.0, 18.0),
  (45, NULL, 'COL. COURO NATURAL Nº5( X )PINTADA Nº5(   )', 3, 6.2, 18.6),
  (45, NULL, 'COL. COURO NATURAL Nº6(X  )PINTADA Nº6(   )', 2, 7.6, 15.2),
  (45, NULL, 'COL. COURO NATURAL Nº7( X )PINTADA Nº7(   )', 2, 9.9, 19.8),
  (45, NULL, 'COL. COURO NATURAL Nº9( X )PINTADA Nº9(   )', 6, 16.9, 101.4),
  (45, NULL, 'COL COUR NATURAL Nº10(X  )PINTADA Nº10(   )', 3, 18.9, 56.7),
  (45, NULL, 'PEITORAL POLIESTER GATO TAM ÚNICO', 2, 12.9, 25.8),
  (45, NULL, 'COLEIRA POLIESTER DUPLA NR 3 FITA 20', 1, 6.5, 6.5),
  (45, NULL, 'COLEIRA POLIESTER DUPLA NR 4 FITA 20', 2, 7.9, 15.8),
  (45, NULL, 'COLEIRA POLIESTER DUPLA NR 5 FITA 25', 1, 8.5, 8.5),
  (45, NULL, 'COLEIRA POLIESTER DUPLA NR 6 FITA 25', 1, 9.5, 9.5),
  (45, NULL, 'CAMA LEDY M', 1, 43.9, 43.9),
  (45, NULL, 'CAMA LEDY G', 1, 54.9, 54.9);

INSERT INTO orders (id, client_key, order_date, sheet_name, discount_pct, payment_terms, payment_dates, format) VALUES
  (46, 'INDIO', '2025-10-15', '09.10', NULL, NULL, '15.10.25', 'old');

INSERT INTO order_items (order_id, product_code, description, qty, unit_price, total) VALUES
  (46, NULL, 'PEITORAL DE NY TUBOLAR FITA 15 Nº 0', 2, 9.6, 19.2),
  (46, NULL, 'PEITORAL DE NY TUBOLAR FITA 15 Nº 1', 3, 9.6, 28.8),
  (46, NULL, 'PEITORAL DE NY TUBOLAR FITA 15 Nº 2', 1, 9.6, 9.6),
  (46, NULL, 'PEITORAL DE NY TUBOLAR FITA 15 Nº 3', 1, 9.6, 9.6),
  (46, NULL, 'PEITORAL DE NYLON FITA 20 NR 4', 2, 12.9, 25.8),
  (46, NULL, 'PEITORAL NYLON  EM X(AMER) FITA 20  Nº M', 1, 12.5, 12.5),
  (46, NULL, 'PEITORAL POLIESTER EM X(AMER) FITA 20 Nº P', 1, 16.5, 16.5),
  (46, NULL, 'PEITORAL POLIESTER EM X(AMER) FITA 25 Nº M', 1, 21.9, 21.9),
  (46, NULL, 'PEITORAL NYLON TRAD. DUPLO FITA 40 Nº GG', 1, 39.9, 39.9),
  (46, NULL, 'GUIA DE CORDA 8 MM C/ 1 METRO', 3, 8.5, 25.5),
  (46, NULL, 'GUIA DE CORDA 16 MM C/ 1 MT', 1, 16.1, 16.1),
  (46, NULL, 'COLEIRA REGUL POLIESTER FITA 15 TAM P', 1, 7.9, 7.9),
  (46, NULL, 'GUIA DE POLIESTER DUPLA   C/   1 MT', 1, 14.9, 14.9),
  (46, NULL, 'COLEIRA POLIESTER DUPLA NR 3 FITA 20', 3, 6.5, 19.5),
  (46, NULL, 'COLEIRA POLIESTER DUPLA NR 6 FITA 25', 1, 9.5, 9.5),
  (46, NULL, 'CAMA LEDY G', 2, 54.9, 109.8),
  (46, NULL, 'MANTA PET ( MANDAR 1 MANTA DE BRINDE)', 10, 14.99, 149.9),
  (46, NULL, 'PIPI DOG P', 5, 14.99, 74.95),
  (46, NULL, 'PIPI DOG M', 5, 16.99, 84.95);

INSERT INTO orders (id, client_key, order_date, sheet_name, discount_pct, payment_terms, payment_dates, format) VALUES
  (47, 'INDIO', '2025-12-04', '04.12.25', NULL, 'PRAZO 25-35-45', '04.12.25', 'old');

INSERT INTO order_items (order_id, product_code, description, qty, unit_price, total) VALUES
  (47, NULL, 'PEITORAL DE NY TUBOLAR FITA 15 Nº 00', 1, 9.6, 9.6),
  (47, NULL, 'PEITORAL DE NY TUBOLAR FITA 15 Nº 0', 4, 9.6, 38.4),
  (47, NULL, 'PEITORAL DE NY TUBOLAR FITA 15 Nº 1', 2, 9.6, 19.2),
  (47, NULL, 'PEITORAL DE NY TUBOLAR FITA 15 Nº 2', 2, 9.6, 19.2),
  (47, NULL, 'PEITORAL DE NY TUBOLAR FITA 15 Nº 3', 1, 9.6, 9.6),
  (47, NULL, 'PEITORAL DE NY TUBOLAR FITA 15 Nº 4', 4, 9.6, 38.4),
  (47, NULL, 'PEITORAL NYLON  EM X(AMER) FITA 20  Nº M', 2, 12.5, 25.0),
  (47, NULL, 'PEITORAL NYLON  EM X(AMER) FITA 25  Nº G', 1, 21.5, 21.5),
  (47, NULL, 'PEITORAL POLIESTER EM X(AMER) FITA 15 Nº M', 2, 13.6, 27.2),
  (47, NULL, 'PEITORAL POLIESTER EM X(AMER) FITA 15 Nº G', 1, 13.9, 13.9),
  (47, NULL, 'PEITORAL POLIESTER EM X(AMER) FITA 20 Nº P', 1, 16.5, 16.5),
  (47, NULL, 'PEITORAL POLIESTER EM X(AMER) FITA 20 Nº M', 1, 16.9, 16.9),
  (47, NULL, 'PEITORAL POLIESTER EM X(AMER) FITA 25 Nº G', 1, 25.9, 25.9),
  (47, NULL, 'PEITORAL NYLON TRAD. DUPLO FITA 40 Nº M', 1, 34.9, 34.9),
  (47, NULL, 'PEITORAL NYLON TRAD. DUPLO FITA 40 Nº G', 2, 36.9, 73.8),
  (47, NULL, 'PEITORAL NYLON TRAD. DUPLO FITA 40 Nº GG', 2, 39.9, 79.8),
  (47, NULL, 'PEITORAL POLIESTER TRAD DUPLO NR 5 FITA 20', 2, 19.9, 39.8),
  (47, NULL, 'COLEIRA REGUL POLIESTER FITA 15 TAM P', 2, 5.9, 11.8),
  (47, NULL, 'COLEIRA REGUL POLIESTER FITA 25 TAM G', 1, 8.9, 8.9),
  (47, NULL, 'GUIA DE NYLON TUBOLAR   C/   1 MT', 1, 4.9, 4.9),
  (47, NULL, 'GUIA DE POLIESTER DUPLA   C/   60 CM', 1, 12.6, 12.6),
  (47, NULL, 'COL. COURO NATURAL Nº2', 3, 2.8, 8.4),
  (47, NULL, 'COL. COURO NATURAL Nº3', 6, 4.35, 26.1),
  (47, NULL, 'COL. COURO NATURAL Nº4', 2, 6.0, 12.0),
  (47, NULL, 'COL. COURO NATURAL Nº5', 2, 6.2, 12.4),
  (47, NULL, 'COL. COURO NATURAL Nº6', 6, 7.6, 45.6),
  (47, NULL, 'COL. COURO NATURAL Nº8', 4, 12.2, 48.8),
  (47, NULL, 'COL COUR NATURAL Nº10', 1, 18.9, 18.9),
  (47, NULL, 'COLEIRA POLIESTER DUPLA NR 3 FITA 20', 4, 6.5, 26.0),
  (47, NULL, 'COLEIRA POLIESTER DUPLA NR 7 FITA 30', 2, 14.5, 29.0),
  (47, NULL, 'CAMA LEDY P', 1, 32.9, 32.9),
  (47, NULL, 'CAMA LEDY M', 1, 43.9, 43.9),
  (47, NULL, 'CAMA LEDY G', 1, 54.9, 54.9),
  (47, NULL, 'PIPI DOG M', 4, 16.99, 67.96);

INSERT INTO orders (id, client_key, order_date, sheet_name, discount_pct, payment_terms, payment_dates, format) VALUES
  (48, 'INDIO', '2026-01-23', '07.01.26', NULL, NULL, '23.01.2026', 'old');

INSERT INTO order_items (order_id, product_code, description, qty, unit_price, total) VALUES
  (48, NULL, 'PEITORAL DE NY TUBOLAR FITA 15 Nº 0', 3, 9.6, 28.8),
  (48, NULL, 'PEITORAL DE NY TUBOLAR FITA 15 Nº 1', 2, 9.6, 19.2),
  (48, NULL, 'PEITORAL DE NY TUBOLAR FITA 15 Nº 2', 5, 9.6, 48.0),
  (48, NULL, 'PEITORAL DE NY TUBOLAR FITA 15 Nº 3', 2, 9.6, 19.2),
  (48, NULL, 'PEITORAL DE NY TUBOLAR FITA 15 Nº 4', 1, 9.6, 9.6),
  (48, NULL, 'PEITORAL NYLON  EM X(AMER) FITA 20  Nº M', 2, 12.5, 25.0),
  (48, NULL, 'PEITORAL NYLON  EM X(AMER) FITA 25  Nº G', 2, 21.5, 43.0),
  (48, NULL, 'PEITORAL POLIESTER EM X(AMER) FITA 15 Nº M', 3, 13.6, 40.8),
  (48, NULL, 'PEITORAL POLIESTER EM X(AMER) FITA 15 Nº G', 4, 13.9, 55.6),
  (48, NULL, 'PEITORAL POLIESTER EM X(AMER) FITA 20 Nº P', 4, 16.5, 66.0),
  (48, NULL, 'PEITORAL POLIESTER EM X(AMER) FITA 20 Nº M', 2, 16.9, 33.8),
  (48, NULL, 'PEITORAL POLIESTER EM X(AMER) FITA 20 Nº G', 1, 17.5, 17.5),
  (48, NULL, 'PEITORAL POLIESTER EM X(AMER) FITA 25 Nº P', 1, 19.9, 19.9),
  (48, NULL, 'PEITORAL POLIESTER EM X(AMER) FITA 25 Nº M', 2, 21.9, 43.8),
  (48, NULL, 'PEITORAL POLIESTER EM X(AMER) FITA 25 Nº G', 2, 23.5, 47.0),
  (48, NULL, 'PEITORAL POLIESTER TRAD DUPLO NR 4 FITA 20', 2, 18.9, 37.8),
  (48, NULL, 'GUIA DE CORDA 8 MM C/ 1 METRO', 3, 8.5, 25.5),
  (48, NULL, 'GUIA DE CORDA 16 MM C/ 1 MT', 1, 16.1, 16.1),
  (48, NULL, 'GUIA DE CORDA 16 MM  C/40 CM COM MOLA', 1, 15.8, 15.8),
  (48, NULL, 'GUIA DE CORDA 16 MM C/ 1 MT  COM MOLA', 1, 18.3, 18.3),
  (48, NULL, 'GUIA ENFORCADOR 16 MM X 1,20 C/ ARGOLA', 2, 14.9, 29.8),
  (48, NULL, 'GUIA DE NYLON TUBOLAR   C/   1 MT', 3, 4.5, 13.5),
  (48, NULL, 'GUIA DE POLIESTER    C/   1 MT', 4, 6.5, 26.0),
  (48, NULL, 'GUIA DE POLIESTER DUPLA   C/   60 CM', 1, 12.5, 12.5),
  (48, NULL, 'GUIA DE POLIESTER DUPLA   C/   1 MT', 1, 14.5, 14.5),
  (48, NULL, 'COL. COURO NATURAL Nº2', 6, 2.8, 16.8),
  (48, NULL, 'COL. COURO NATURAL Nº3', 3, 4.35, 13.05),
  (48, NULL, 'COL. COURO NATURAL Nº4', 6, 6.0, 36.0),
  (48, NULL, 'COL. COURO NATURAL Nº5', 6, 6.2, 37.2),
  (48, NULL, 'COL. COURO NATURAL Nº6', 3, 7.6, 22.8),
  (48, NULL, 'COLEIRA POLIESTER DUPLA NR 3 FITA 20', 4, 6.5, 26.0),
  (48, NULL, 'COLEIRA POLIESTER DUPLA NR 4 FITA 20', 4, 7.9, 31.6),
  (48, NULL, 'COLEIRA POLIESTER DUPLA NR 5 FITA 25', 4, 8.5, 34.0),
  (48, NULL, 'COLEIRA POLIESTER DUPLA NR 6 FITA 25', 4, 9.5, 38.0),
  (48, NULL, 'COLEIRA POLIESTER DUPLA NR 7 FITA 30', 4, 14.5, 58.0),
  (48, NULL, 'ALMOFADA COM SILICONE TAM M', 1, 29.9, 29.9),
  (48, NULL, 'ALMOFADA COM SILICONE TAM G', 1, 32.9, 32.9),
  (48, NULL, 'ALMOFADA COM SILICONE TAM GG', 1, 39.9, 39.9),
  (48, NULL, 'ALMOFADA COM SILICONE TAM EG', 1, 46.9, 46.9),
  (48, NULL, 'ALMOFADA COM SILICONE TAM EGGG', 1, 53.9, 53.9);

INSERT INTO orders (id, client_key, order_date, sheet_name, discount_pct, payment_terms, payment_dates, format) VALUES
  (49, 'INDIO', '2026-02-25', '25.02.26', NULL, NULL, '03.03.2026', 'new');

INSERT INTO order_items (order_id, product_code, description, qty, unit_price, total) VALUES
  (49, 'OO1', 'PEITORAL DE NY TUBOLAR FITA 15 Nº 00', 5, 9.9, 49.5),
  (49, 'OO2', 'PEITORAL DE NY TUBOLAR FITA 15 Nº 0', 2, 9.9, 19.8),
  (49, 'OO3', 'PEITORAL DE NY TUBOLAR FITA 15 Nº 1', 2, 9.9, 19.8),
  (49, 'OO4', 'PEITORAL DE NY TUBOLAR FITA 15 Nº 2', 6, 9.9, 59.4),
  (49, 'OO5', 'PEITORAL DE NY TUBOLAR FITA 15 Nº 3', 6, 9.9, 59.4),
  (49, 'OO6', 'PEITORAL DE NY TUBOLAR FITA 15 Nº 4', 1, 9.9, 9.9),
  (49, 'OO7', 'PEITORAL DE NYLON FITA 20 NR 4', 6, 12.9, 77.4),
  (49, 'O17', 'PEITORAL NYLON  EM X  FITA 25  Nº G', 1, 21.5, 21.5),
  (49, 'O21', 'PEITORAL POLIESTER EM X FITA 20 Nº P', 1, 16.5, 16.5),
  (49, 'O22', 'PEITORAL POLIESTER EM X FITA 20 Nº M', 2, 16.9, 33.8),
  (49, 'O23', 'PEITORAL POLIESTER EM X FITA 20 Nº G', 1, 17.5, 17.5),
  (49, 'O28', 'PEITORAL POLIESTER EM X FITA 40 Nº G', 1, 43.9, 43.9),
  (49, 'O29', 'PEITORAL NYLON  DUPLO FITA 40 Nº M', 2, 34.9, 69.8),
  (49, 'O30', 'PEITORAL NYLON  DUPLO FITA 40 Nº G', 2, 36.9, 73.8),
  (49, 'O31', 'PEITORAL NYLON  DUPLO FITA 40 Nº GG', 1, 39.9, 39.9),
  (49, 'O36', 'GUIA DE CORDA 8 MM C/ 1 METRO', 2, 8.5, 17.0),
  (49, 'O39', 'GUIA DE CORDA 16 MM C/ 40 CM', 2, 13.5, 27.0),
  (49, 'O53', 'GUIA DE NYLON TUBOLAR  FITA 15 C/ 1 MT', 2, 4.7, 9.4),
  (49, 'O54', 'GUIA DE POLIESTER  FITA 15  C/   1 MT', 3, 6.5, 19.5),
  (49, 'O59', 'PEITORAL NYLON NEOPREME Nº M', 2, 41.9, 83.8),
  (49, 'O60', 'PEITORAL NYLON NEOPREME Nº G', 2, 42.9, 85.8),
  (49, 'O65', 'COL. COURO NATURAL Nº2', 6, 3.14, 18.84),
  (49, 'O66', 'COL. COURO NATURAL Nº3', 6, 4.9, 29.4),
  (49, 'O68', 'COL. COURO NATURAL Nº5', 6, 6.9, 41.4),
  (49, 'O69', 'COL. COURO NATURAL Nº6', 3, 9.4, 28.2),
  (49, 'O70', 'COL. COURO NATURAL Nº7', 2, 10.9, 21.8),
  (49, 'O71', 'COL. COURO NATURAL Nº8', 3, 11.66, 34.98),
  (49, 'O73', 'COL COUR NATURAL Nº10', 2, 17.4, 34.8),
  (49, 'O98', 'PEITORAL POLIESTER GATO TAM ÚNICO', 3, 12.9, 38.7),
  (49, '107', 'COLEIRA POLIESTER DUPLA NR 4 FITA 20', 5, 7.9, 39.5),
  (49, '111', 'ALMOFADA COM SILICONE TAM P', 1, 26.9, 26.9),
  (49, '113', 'ALMOFADA COM SILICONE TAM G', 1, 32.9, 32.9),
  (49, '117', 'CAMA LEDY P', 1, 32.9, 32.9),
  (49, '118', 'CAMA LEDY M', 1, 43.9, 43.9);

INSERT INTO orders (id, client_key, order_date, sheet_name, discount_pct, payment_terms, payment_dates, format) VALUES
  (50, 'JOÃO (CENTRO NAVEGANTES)', '2026-01-16', '09.01.26', NULL, NULL, '16.01.26', 'old');

INSERT INTO order_items (order_id, product_code, description, qty, unit_price, total) VALUES
  (50, NULL, 'PEITORAL DE NY TUBOLAR FITA 15 Nº 00', 6, 9.6, 57.6),
  (50, NULL, 'PEITORAL DE NY TUBOLAR FITA 15 Nº 0', 2, 9.6, 19.2),
  (50, NULL, 'PEITORAL DE NY TUBOLAR FITA 15 Nº 1', 6, 9.6, 57.6),
  (50, NULL, 'PEITORAL DE NY TUBOLAR FITA 15 Nº 2', 6, 9.6, 57.6),
  (50, NULL, 'PEITORAL DE NY TUBOLAR FITA 15 Nº 3', 3, 9.6, 28.8),
  (50, NULL, 'PEITORAL DE NY TUBOLAR FITA 15 Nº 4', 2, 9.6, 19.2),
  (50, NULL, 'PEITORAL DE NYLON FITA 20 NR 4', 4, 12.9, 51.6),
  (50, NULL, 'PEITORAL NYLON AMERICANO (X) FITA 20  Nº M', 2, 12.5, 25.0),
  (50, NULL, 'PEITORAL NYLON AMERICANO (X) FITA 25  Nº G', 3, 21.5, 64.5),
  (50, NULL, 'PEITORAL POLI GRADE DUPLO NR 4 FITA 20', 2, 18.9, 37.8),
  (50, NULL, 'GUIA DE CORDA 8 MM C/ 1 METRO', 2, 8.5, 17.0),
  (50, NULL, 'GUIA DE CORDA 16 MM C/ 60 CM', 2, 14.4, 28.8),
  (50, NULL, 'GUIA ENFORCADOR 16 MM X 1,20 C/ ARGOLA', 1, 14.5, 14.5),
  (50, NULL, 'COLEIRA REGUL POLIESTER FITA 20 TAM M', 3, 6.9, 20.7),
  (50, NULL, 'GUIA DE NYLON TUBOLAR   C/   1 MT', 4, 4.5, 18.0),
  (50, NULL, 'GUIA DE POLIESTER DUPLA   C/   60 CM', 2, 12.9, 25.8),
  (50, NULL, 'GUIA DE POLIESTER DUPLA   C/   1 MT', 2, 14.9, 29.8),
  (50, NULL, 'CINTO DE SEGURANÇA PET FITA 25', 2, 10.9, 21.8),
  (50, NULL, 'PEITORAL POLIESTER GATO TAM ÚNICO', 2, 12.9, 25.8),
  (50, NULL, 'COLEIRA POLIESTER DUPLA NR 3 FITA 20', 5, 6.5, 32.5),
  (50, NULL, 'COLEIRA POLIESTER DUPLA NR 4 FITA 20', 5, 7.9, 39.5),
  (50, NULL, 'COLEIRA POLIESTER DUPLA NR 5 FITA 25', 2, 8.5, 17.0),
  (50, NULL, 'COLEIRA POLIESTER DUPLA NR 6 FITA 25', 3, 9.5, 28.5),
  (50, NULL, 'COLEIRA POLIESTER DUPLA NR 7 FITA 30', 1, 14.5, 14.5);

INSERT INTO orders (id, client_key, order_date, sheet_name, discount_pct, payment_terms, payment_dates, format) VALUES
  (51, 'JOÃO (CENTRO NAVEGANTES)', '2026-03-12', '12.03.26', NULL, 'BOLETO 30 DIAS ANEXO', '12.03.26', 'new');

INSERT INTO order_items (order_id, product_code, description, qty, unit_price, total) VALUES
  (51, 'OO2', 'PEITORAL DE NY TUBOLAR FITA 15 Nº 0', 2, 9.9, 19.8),
  (51, 'OO4', 'PEITORAL DE NY TUBOLAR FITA 15 Nº 2', 2, 9.9, 19.8),
  (51, 'OO5', 'PEITORAL DE NY TUBOLAR FITA 15 Nº 3', 1, 9.9, 9.9),
  (51, 'O16', 'PEITORAL NYLON  EM X  FITA 20  Nº M', 1, 12.5, 12.5),
  (51, 'O33', 'PEITORAL POLIESTER DUPLO FITA 20 Nº 5', 1, 19.9, 19.9),
  (51, 'O34', 'PEITORAL POLIESTER DUPLO FITA 25 Nº 6', 1, 25.9, 25.9),
  (51, '111', 'ALMOFADA COM SILICONE TAM P', 1, 26.9, 26.9),
  (51, '112', 'ALMOFADA COM SILICONE TAM M', 1, 29.9, 29.9),
  (51, '113', 'ALMOFADA COM SILICONE TAM G', 1, 32.9, 32.9),
  (51, '114', 'ALMOFADA COM SILICONE TAM GG', 1, 39.9, 39.9),
  (51, '115', 'ALMOFADA COM SILICONE TAM EG', 1, 46.9, 46.9),
  (51, '116', 'ALMOFADA COM SILICONE TAM EGGG', 1, 53.9, 53.9);

INSERT INTO orders (id, client_key, order_date, sheet_name, discount_pct, payment_terms, payment_dates, format) VALUES
  (52, 'JOÃO (SÃO CRISTOVÃO) BARRA VELHA', '2025-09-19', '19.09', NULL, NULL, '19.09.25', 'old');

INSERT INTO order_items (order_id, product_code, description, qty, unit_price, total) VALUES
  (52, NULL, 'PEITORAL DE NY TUBOLAR FITA 15 Nº 0', 2, 9.6, 19.2),
  (52, NULL, 'PEITORAL DE NY TUBOLAR FITA 15 Nº 1', 3, 9.6, 28.8),
  (52, NULL, 'PEITORAL DE NY TUBOLAR FITA 15 Nº 2', 1, 9.6, 9.6),
  (52, NULL, 'PEITORAL DE NY TUBOLAR FITA 15 Nº 3', 2, 9.6, 19.2),
  (52, NULL, 'PEITORAL DE NY TUBOLAR FITA 15 Nº 4', 3, 9.6, 28.8),
  (52, NULL, 'PEITORAL POLIESTER EM X(AMER) FITA 25 Nº P', 4, 19.9, 79.6),
  (52, NULL, 'PEITORAL POLIESTER EM X(AMER) FITA 25 Nº M', 4, 21.9, 87.6),
  (52, NULL, 'PEITORAL POLIESTER EM X(AMER) FITA 25 Nº G', 5, 23.5, 117.5),
  (52, NULL, 'PEITORAL NYLON TRAD. DUPLO FITA 40 Nº M', 2, 34.9, 69.8),
  (52, NULL, 'PEITORAL NYLON TRAD. DUPLO FITA 40 Nº G', 2, 36.9, 73.8),
  (52, NULL, 'PEITORAL POLIESTER TRAD DUPLO NR 4 FITA 20', 1, 18.9, 18.9),
  (52, NULL, 'PEITORAL POLIESTER TRAD DUPLO NR 5 FITA 20', 4, 19.9, 79.6),
  (52, NULL, 'PEITORAL POLIESTER TRAD DUPLO NR 6 FITA 25', 1, 25.9, 25.9),
  (52, NULL, 'PEITORAL POLIESTER TRAÇÃO TAM M', 2, 39.9, 79.8),
  (52, NULL, 'GUIA DE CORDA 8 MM C/ 1 METRO', 3, 8.5, 25.5),
  (52, NULL, 'GUIA DE CORDA 16 MM C/ 1 MT', 1, 16.1, 16.1),
  (52, NULL, 'COLEIRA NYLON  TUBOLAR FITA 15 MM Nº 1', 6, 3.5, 21.0),
  (52, NULL, 'COLEIRA POLIESTER DUPLA NR 3 FITA 20', 6, 6.5, 39.0),
  (52, NULL, 'COLEIRA POLIESTER DUPLA NR 4 FITA 20', 6, 7.9, 47.4),
  (52, NULL, 'COLEIRA POLIESTER DUPLA NR 5 FITA 25', 3, 8.5, 25.5),
  (52, NULL, 'COLEIRA POLIESTER DUPLA NR 6 FITA 25', 4, 9.5, 38.0);

INSERT INTO orders (id, client_key, order_date, sheet_name, discount_pct, payment_terms, payment_dates, format) VALUES
  (53, 'JOÃO (SÃO CRISTOVÃO) BARRA VELHA', '2025-09 SALDO-29', '29.09 SALDO', NULL, NULL, NULL, 'old');

INSERT INTO order_items (order_id, product_code, description, qty, unit_price, total) VALUES
  (53, NULL, 'PEITORAL POLIESTER EM X(AMER) FITA 20 Nº P', 4, 16.5, 66.0),
  (53, NULL, 'PEITORAL POLIESTER EM X(AMER) FITA 20 Nº M', 1, 16.9, 16.9),
  (53, NULL, 'PEITORAL POLIESTER EM X(AMER) FITA 25 Nº P', 1, 19.9, 19.9),
  (53, NULL, 'PEITORAL POLIESTER EM X(AMER) FITA 25 Nº M', 1, 21.9, 21.9),
  (53, NULL, 'GUIA DE NYLON TUBOLAR   C/   1 MT', 6, 4.9, 29.4);

INSERT INTO orders (id, client_key, order_date, sheet_name, discount_pct, payment_terms, payment_dates, format) VALUES
  (54, 'JOÃO (SÃO CRISTOVÃO) BARRA VELHA', '2025-11-25', '25.11.25', NULL, NULL, '25.11.25', 'old');

INSERT INTO order_items (order_id, product_code, description, qty, unit_price, total) VALUES
  (54, NULL, 'PEITORAL DE NY TUBOLAR FITA 15 Nº 0', 1, 9.6, 9.6),
  (54, NULL, 'PEITORAL DE NY TUBOLAR FITA 15 Nº 1', 5, 9.6, 48.0),
  (54, NULL, 'PEITORAL DE NY TUBOLAR FITA 15 Nº 2', 2, 9.6, 19.2),
  (54, NULL, 'PEITORAL DE NY TUBOLAR FITA 15 Nº 3', 3, 9.6, 28.8),
  (54, NULL, 'PEITORAL DE NY TUBOLAR FITA 15 Nº 4', 2, 9.6, 19.2),
  (54, NULL, 'PEITORAL POLIESTER EM X(AMER) FITA 20 Nº P', 3, 16.5, 49.5),
  (54, NULL, 'PEITORAL POLIESTER EM X(AMER) FITA 20 Nº M', 1, 16.9, 16.9),
  (54, NULL, 'PEITORAL NYLON TRAD. DUPLO FITA 40 Nº GG', 2, 39.9, 79.8),
  (54, NULL, 'PEITORAL POLIESTER TRAD DUPLO NR 4 FITA 20', 4, 18.9, 75.6),
  (54, NULL, 'PEITORAL POLIESTER TRAD DUPLO NR 5 FITA 20', 2, 19.9, 39.8),
  (54, NULL, 'PEITORAL POLIESTER TRAD DUPLO NR 6 FITA 25', 2, 25.9, 51.8),
  (54, NULL, 'GUIA ENFORCADOR 16 MM X 40 CM C/MOLA', 3, 24.9, 74.7),
  (54, NULL, 'GUIA ENFORCADOR 16 MM X 60 CM C/MOLA', 2, 26.9, 53.8),
  (54, NULL, 'COLEIRA POLIESTER DUPLA NR 4 FITA 20', 2, 7.9, 15.8);

INSERT INTO orders (id, client_key, order_date, sheet_name, discount_pct, payment_terms, payment_dates, format) VALUES
  (55, 'JOÃO (SÃO CRISTOVÃO) BARRA VELHA', '2026-03-03', '03.03.26', NULL, NULL, '12.03.2026', 'new');

INSERT INTO order_items (order_id, product_code, description, qty, unit_price, total) VALUES
  (55, 'OO1', 'PEITORAL DE NY TUBOLAR FITA 15 Nº 00', 2, 9.9, 19.8),
  (55, 'OO2', 'PEITORAL DE NY TUBOLAR FITA 15 Nº 0', 7, 9.9, 69.3),
  (55, 'OO3', 'PEITORAL DE NY TUBOLAR FITA 15 Nº 1', 7, 9.9, 69.3),
  (55, 'OO4', 'PEITORAL DE NY TUBOLAR FITA 15 Nº 2', 8, 9.9, 79.2),
  (55, 'OO5', 'PEITORAL DE NY TUBOLAR FITA 15 Nº 3', 10, 9.9, 99.0),
  (55, 'OO6', 'PEITORAL DE NY TUBOLAR FITA 15 Nº 4', 4, 9.9, 39.6),
  (55, 'O21', 'PEITORAL POLIESTER EM X FITA 20 Nº P', 3, 16.5, 49.5),
  (55, 'O26', 'PEITORAL POLIESTER EM X FITA 25 Nº G', 3, 23.5, 70.5),
  (55, 'O29', 'PEITORAL NYLON  DUPLO FITA 40 Nº M', 1, 34.9, 34.9),
  (55, 'O30', 'PEITORAL NYLON  DUPLO FITA 40 Nº G', 1, 36.9, 36.9),
  (55, 'O32', 'PEITORAL POLIESTER DUPLO FITA 20 Nº 4', 3, 18.9, 56.7),
  (55, 'O33', 'PEITORAL POLIESTER DUPLO FITA 20 Nº 5', 2, 19.9, 39.8),
  (55, 'O34', 'PEITORAL POLIESTER DUPLO FITA 25 Nº 6', 4, 25.9, 103.6),
  (55, 'O53', 'GUIA DE NYLON TUBOLAR  FITA 15 C/ 1 MT', 4, 4.7, 18.8),
  (55, 'O55', 'GUIA DE POLIESTER DUPLA   C/   60 CM', 3, 12.5, 37.5),
  (55, 'O56', 'GUIA DE POLIESTER DUPLA   C/   1 MT', 2, 14.5, 29.0),
  (55, '106', 'COLEIRA POLIESTER DUPLA NR 3 FITA 20', 4, 6.5, 26.0),
  (55, '107', 'COLEIRA POLIESTER DUPLA NR 4 FITA 20', 4, 7.9, 31.6),
  (55, '108', 'COLEIRA POLIESTER DUPLA NR 5 FITA 25', 4, 8.5, 34.0),
  (55, '109', 'COLEIRA POLIESTER DUPLA NR 6 FITA 25', 4, 9.5, 38.0),
  (55, '130', 'MANTA PET (10 + 1)', 10, 14.99, 149.9);

INSERT INTO orders (id, client_key, order_date, sheet_name, discount_pct, payment_terms, payment_dates, format) VALUES
  (56, 'JOSIAS', '2025-10-02', '18.09.25', NULL, NULL, '02.10.25', 'old');

INSERT INTO order_items (order_id, product_code, description, qty, unit_price, total) VALUES
  (56, NULL, 'PEITORAL POLIESTER EM X(AMER) FITA 20 Nº P', 2, 16.5, 33.0),
  (56, NULL, 'PEITORAL POLIESTER EM X(AMER) FITA 20 Nº M', 3, 16.9, 50.7),
  (56, NULL, 'PEITORAL POLIESTER EM X(AMER) FITA 20 Nº G', 2, 17.5, 35.0),
  (56, NULL, 'PEITORAL NYLON TRAD. DUPLO FITA 40 Nº M', 4, 34.9, 139.6),
  (56, NULL, 'PEITORAL NYLON TRAD. DUPLO FITA 40 Nº G', 3, 36.9, 110.7),
  (56, NULL, 'PEITORAL POLIESTER TRAD DUPLO NR 5 FITA 20', 6, 19.9, 119.4),
  (56, NULL, 'GUIA DE CORDA 8 MM C/ 1 METRO', 3, 8.5, 25.5),
  (56, NULL, 'GUIA DE CORDA 16 MM C/ 1 MT', 2, 16.1, 32.2),
  (56, NULL, 'GUIA ENFORCADOR 16 MM X 60 CM C/MOLA', 3, 26.9, 80.7),
  (56, NULL, 'GUIA ENFORCADOR 16 MM X 1,20 C/ ARGOLA', 2, 14.9, 29.8),
  (56, NULL, 'GUIA ENFORCADOR 12 MM X 1,20 C/ ARGOLA', 3, 12.9, 38.7),
  (56, NULL, 'GUIA ENFORCADOR 8 MM X 1,50 C/ ARGOLA', 3, 8.9, 26.7);

INSERT INTO orders (id, client_key, order_date, sheet_name, discount_pct, payment_terms, payment_dates, format) VALUES
  (57, 'JOSIAS', '2025-11-19', '10.11', NULL, NULL, '19.11.2025', 'old');

INSERT INTO order_items (order_id, product_code, description, qty, unit_price, total) VALUES
  (57, NULL, 'PEITORAL DE NYLON FITA 20 NR 4', 4, 12.9, 51.6),
  (57, NULL, 'PEITORAL POLYESTER DESENHOS FITA 15 Nº 0', 4, 12.9, 51.6),
  (57, NULL, 'PEITORAL POLYESTER DESENHOS FITA 15 Nº 2', 4, 12.9, 51.6),
  (57, NULL, 'PEITORAL POLYESTER DESENHOS FITA 15 Nº 3', 2, 12.9, 25.8),
  (57, NULL, 'PEITORAL POLYESTER DESENHOS FITA 15 Nº 4', 4, 12.9, 51.6),
  (57, NULL, 'PEITORAL POLIESTER EM X(AMER) FITA 15 Nº G', 3, 13.9, 41.7),
  (57, NULL, 'PEITORAL POLIESTER EM X(AMER) FITA 25 Nº P', 2, 19.9, 39.8),
  (57, NULL, 'PEITORAL POLIESTER EM X(AMER) FITA 25 Nº M', 2, 21.9, 43.8),
  (57, NULL, 'PEITORAL POLIESTER TRAD DUPLO NR 5 FITA 20', 2, 19.9, 39.8),
  (57, NULL, 'PEITORAL POLIESTER TRAD DUPLO NR 6 FITA 25', 2, 25.9, 51.8),
  (57, NULL, 'GUIA ENFORCADOR 16 MM X 1,20 C/ ARGOLA', 2, 14.9, 29.8),
  (57, NULL, 'GUIA ENFORCADOR 12 MM X 1,20 C/ ARGOLA', 3, 13.9, 41.7),
  (57, NULL, 'COL. COURO NATURAL Nº8', 3, 12.2, 36.6),
  (57, NULL, 'COLEIRA POLIESTER DUPLA NR 3 FITA 20', 3, 6.5, 19.5);

INSERT INTO orders (id, client_key, order_date, sheet_name, discount_pct, payment_terms, payment_dates, format) VALUES
  (58, 'JOSIAS', '2026-01-16', '07.01.26', NULL, NULL, '16.01.26', 'old');

INSERT INTO order_items (order_id, product_code, description, qty, unit_price, total) VALUES
  (58, NULL, 'PEITORAL DE NY TUBOLAR FITA 15 Nº 00', 2, 9.6, 19.2),
  (58, NULL, 'PEITORAL DE NY TUBOLAR FITA 15 Nº 0', 4, 9.6, 38.4),
  (58, NULL, 'PEITORAL DE NY TUBOLAR FITA 15 Nº 1', 2, 9.6, 19.2),
  (58, NULL, 'PEITORAL DE NY TUBOLAR FITA 15 Nº 2', 6, 9.6, 57.6),
  (58, NULL, 'PEITORAL DE NY TUBOLAR FITA 15 Nº 3', 3, 9.6, 28.8),
  (58, NULL, 'PEITORAL DE NY TUBOLAR FITA 15 Nº 4', 7, 9.6, 67.2),
  (58, NULL, 'PEITORAL POLYESTER DESENHOS FITA 15 Nº 1', 3, 12.9, 38.7),
  (58, NULL, 'PEITORAL POLYESTER DESENHOS FITA 15 Nº 2', 2, 12.9, 25.8),
  (58, NULL, 'PEITORAL POLYESTER DESENHOS FITA 15 Nº 3', 2, 12.9, 25.8),
  (58, NULL, 'PEITORAL POLI GRADE DUPLO NR 4 FITA 20', 1, 18.9, 18.9),
  (58, NULL, 'CINTO DE SEGURANÇA PET FITA 25', 4, 10.9, 43.6),
  (58, NULL, 'COL. COURO NATURAL Nº3', 6, 4.35, 26.1),
  (58, NULL, 'COL. COURO NATURAL Nº5', 6, 6.2, 37.2),
  (58, NULL, 'COL. COURO NATURAL Nº6', 6, 7.6, 45.6),
  (58, NULL, 'ALMOFADA COM SILICONE TAM P', 1, 26.9, 26.9),
  (58, NULL, 'PEITORAL NYLON CETIM C/APLIC N 2', 2, 12.9, 25.8);

INSERT INTO orders (id, client_key, order_date, sheet_name, discount_pct, payment_terms, payment_dates, format) VALUES
  (59, 'JOSIAS', '2026-02-25', '25.02.26', NULL, '30 DIAS BOLETO', '03.03.2026', 'new');

INSERT INTO order_items (order_id, product_code, description, qty, unit_price, total) VALUES
  (59, 'O21', 'PEITORAL POLIESTER EM X FITA 20 Nº P', 1, 16.5, 16.5),
  (59, 'O22', 'PEITORAL POLIESTER EM X FITA 20 Nº M', 2, 16.9, 33.8),
  (59, 'O23', 'PEITORAL POLIESTER EM X FITA 20 Nº G', 1, 17.5, 17.5),
  (59, 'O24', 'PEITORAL POLIESTER EM X FITA 25 Nº P', 1, 19.9, 19.9),
  (59, 'O25', 'PEITORAL POLIESTER EM X FITA 25 Nº M', 2, 21.9, 43.8),
  (59, 'O26', 'PEITORAL POLIESTER EM X FITA 25 Nº G', 1, 23.5, 23.5),
  (59, 'O39', 'GUIA DE CORDA 16 MM C/ 40 CM', 1, 13.5, 13.5),
  (59, 'O40', 'GUIA DE CORDA 16 MM C/ 60 CM', 1, 14.4, 14.4),
  (59, 'O50', 'COLEIRA REGUL POLIESTER FITA 15 TAM P', 2, 7.9, 15.8),
  (59, 'O51', 'COLEIRA REGUL POLIESTER FITA 20 TAM M', 3, 9.9, 29.7),
  (59, 'O65', 'COL. COURO NATURAL Nº2', 6, 3.14, 18.84),
  (59, 'O67', 'COL. COURO NATURAL Nº4', 6, 6.3, 37.8),
  (59, 'O70', 'COL. COURO NATURAL Nº7', 3, 10.9, 32.7);

INSERT INTO orders (id, client_key, order_date, sheet_name, discount_pct, payment_terms, payment_dates, format) VALUES
  (60, 'LUAN', '2025-09-10', '08.09.2025', NULL, NULL, '10.09.2025', 'old');

INSERT INTO order_items (order_id, product_code, description, qty, unit_price, total) VALUES
  (60, NULL, 'PEITORAL DE NY TUBOLAR FITA 15 Nº 00', 4, 9.6, 38.4),
  (60, NULL, 'PEITORAL POLIESTER TRAD DUPLO NR 4 FITA 20', 4, 18.9, 75.6),
  (60, NULL, 'PEITORAL POLIESTER TRAD DUPLO NR 5 FITA 20', 3, 19.9, 59.7),
  (60, NULL, 'PEITORAL POLIESTER TRAD DUPLO NR 6 FITA 25', 3, 25.9, 77.7),
  (60, NULL, 'GUIA ENFORCADOR 16 MM X 40 CM C/MOLA', 2, 24.9, 49.8),
  (60, NULL, 'GUIA ENFORCADOR 16 MM X 1,20 C/ ARGOLA', 2, 14.9, 29.8),
  (60, NULL, 'GUIA DE NYLON TUBOLAR   C/   1 MT', 2, 4.7, 9.4),
  (60, NULL, 'COL. COURO NATURAL Nº7(  )PINTADA Nº7( X  )', 6, 13.6, 81.6),
  (60, NULL, 'COL. COURO NATURAL Nº8(  )PINTADA Nº8( X  )', 2, 14.8, 29.6),
  (60, NULL, 'COL. COURO NATURAL Nº9(  )PINTADA Nº9( X  )', 2, 17.9, 35.8),
  (60, NULL, 'COL COUR NATURAL Nº10(  )PINTADA Nº10( X  )', 2, 19.9, 39.8),
  (60, NULL, 'COLEIRA NYLON  TUBOLAR FITA 15 MM Nº 2', 6, 3.5, 21.0),
  (60, NULL, 'COLEIRA NYLON  TUBOLAR FITA 15 MM Nº 3', 6, 3.5, 21.0),
  (60, NULL, 'COLEIRA NYLON LISA FITA 20MM  Nº 4', 6, 4.0, 24.0),
  (60, NULL, 'COLEIRA NYLON LISA FITA 20MM  Nº 5', 6, 4.0, 24.0),
  (60, NULL, 'COLEIRA PARA GATOS TAM. ÚNICO', 10, 3.8, 38.0),
  (60, NULL, 'COLEIRA POLIESTER DUPLA NR 3 FITA 20', 3, 6.5, 19.5),
  (60, NULL, 'COLEIRA POLIESTER DUPLA NR 4 FITA 20', 3, 7.9, 23.7),
  (60, NULL, 'COLEIRA POLIESTER DUPLA NR 5 FITA 25', 4, 8.5, 34.0),
  (60, NULL, 'COLEIRA POLIESTER DUPLA NR 6 FITA 25', 4, 9.5, 38.0),
  (60, NULL, 'COLEIRA POLIESTER DUPLA NR 7 FITA 30', 2, 14.5, 29.0);

INSERT INTO orders (id, client_key, order_date, sheet_name, discount_pct, payment_terms, payment_dates, format) VALUES
  (61, 'LUAN', '2025-12-08', '01.12.25', NULL, NULL, '08.12.25', 'old');

INSERT INTO order_items (order_id, product_code, description, qty, unit_price, total) VALUES
  (61, NULL, 'PEITORAL DE NY TUBOLAR FITA 15 Nº 00', 1, 9.6, 9.6),
  (61, NULL, 'PEITORAL DE NY TUBOLAR FITA 15 Nº 0', 2, 9.6, 19.2),
  (61, NULL, 'PEITORAL POLIESTER TRAD DUPLO NR 4 FITA 20', 1, 18.9, 18.9),
  (61, NULL, 'PEITORAL POLIESTER TRAD DUPLO NR 6 FITA 25', 2, 25.9, 51.8),
  (61, NULL, 'GUIA DE CORDA 8 MM C/ 1 METRO', 1, 8.5, 8.5),
  (61, NULL, 'GUIA ENFORCADOR 16 MM X 40 CM C/MOLA', 1, 24.9, 24.9),
  (61, NULL, 'GUIA ENFORCADOR 16 MM X 1,20 C/ ARGOLA', 1, 14.9, 14.9),
  (61, NULL, 'COLEIRA POLIESTER DUPLA NR 3 FITA 20', 2, 6.5, 13.0),
  (61, NULL, 'COLEIRA POLIESTER DUPLA NR 4 FITA 20', 1, 7.9, 7.9),
  (61, NULL, 'COLEIRA POLIESTER DUPLA NR 5 FITA 25', 2, 8.5, 17.0),
  (61, NULL, 'COLEIRA POLIESTER DUPLA NR 6 FITA 25', 2, 9.5, 19.0);

INSERT INTO orders (id, client_key, order_date, sheet_name, discount_pct, payment_terms, payment_dates, format) VALUES
  (62, 'LUAN', '2026-03-30', '30.03.26', NULL, 'PRAZO 30-45-60', '06.02.26', 'new');

INSERT INTO order_items (order_id, product_code, description, qty, unit_price, total) VALUES
  (62, '120', 'SUETER TAM 00', 6, 6.5, 39.0),
  (62, '121', 'SUETER TAM 0', 6, 8.25, 49.5),
  (62, '122', 'SUETER TAM 02', 6, 8.5, 51.0),
  (62, '123', 'SUETER TAM 04', 6, 8.9, 53.4),
  (62, '124', 'SUETER TAM 06', 6, 12.0, 72.0),
  (62, '125', 'SUETER TAM 08', 6, 14.2, 85.2),
  (62, '126', 'SUETER TAM 10', 6, 14.5, 87.0),
  (62, '127', 'SUETER TAM 12', 6, 16.9, 101.4),
  (62, '128', 'SUETER TAM 14', 6, 17.5, 105.0),
  (62, '129', 'SUETER TAM 16', 6, 19.9, 119.4),
  (62, '130', 'MANTA PET  (10 + 1)', 10, 14.99, 149.9);

INSERT INTO orders (id, client_key, order_date, sheet_name, discount_pct, payment_terms, payment_dates, format) VALUES
  (63, 'MANU(MURTA)', '2025-11-21', '21.11', NULL, NULL, '21.11.25', 'old');

INSERT INTO order_items (order_id, product_code, description, qty, unit_price, total) VALUES
  (63, NULL, 'PEITORAL DE NY TUBOLAR FITA 15 Nº 0', 1, 9.6, 9.6),
  (63, NULL, 'PEITORAL DE NY TUBOLAR FITA 15 Nº 1', 3, 9.6, 28.8),
  (63, NULL, 'PEITORAL DE NY TUBOLAR FITA 15 Nº 2', 2, 9.6, 19.2),
  (63, NULL, 'PEITORAL DE NY TUBOLAR FITA 15 Nº 3', 2, 9.6, 19.2),
  (63, NULL, 'PEITORAL POLYESTER DESENHOS FITA 15 Nº 00', 2, 12.9, 25.8),
  (63, NULL, 'PEITORAL POLYESTER DESENHOS FITA 15 Nº 0', 2, 12.9, 25.8),
  (63, NULL, 'PEITORAL POLYESTER DESENHOS FITA 15 Nº 1', 3, 12.9, 38.7),
  (63, NULL, 'PEITORAL POLYESTER DESENHOS FITA 15 Nº 2', 3, 12.9, 38.7),
  (63, NULL, 'PEITORAL POLYESTER DESENHOS FITA 15 Nº 3', 3, 12.9, 38.7),
  (63, NULL, 'PEITORAL NYLON   EM X(AMER)  FITA 15  NºP', 1, 10.5, 10.5),
  (63, NULL, 'PEITORAL NYLON  EM X(AMER) FITA 20  Nº M', 4, 12.5, 50.0),
  (63, NULL, 'PEITORAL NYLON  EM X(AMER) FITA 25  Nº G', 6, 21.5, 129.0),
  (63, NULL, 'PEITORAL POLIESTER EM X(AMER) FITA 15 N. P', 4, 12.9, 51.6),
  (63, NULL, 'PEITORAL POLIESTER EM X(AMER) FITA 15 Nº M', 4, 13.6, 54.4),
  (63, NULL, 'PEITORAL POLIESTER EM X(AMER) FITA 15 Nº G', 3, 13.9, 41.7),
  (63, NULL, 'PEITORAL POLIESTER EM X(AMER) FITA 20 Nº P', 4, 16.5, 66.0),
  (63, NULL, 'PEITORAL POLIESTER EM X(AMER) FITA 20 Nº M', 1, 16.9, 16.9),
  (63, NULL, 'PEITORAL POLIESTER EM X(AMER) FITA 20 Nº G', 4, 17.5, 70.0),
  (63, NULL, 'PEITORAL POLIESTER EM X(AMER) FITA 25 Nº P', 2, 19.9, 39.8),
  (63, NULL, 'PEITORAL POLIESTER EM X(AMER) FITA 25 Nº M', 3, 21.9, 65.7),
  (63, NULL, 'PEITORAL POLIESTER EM X(AMER) FITA 25 Nº G', 4, 23.5, 94.0),
  (63, NULL, 'PEITORAL NYLON TRAD. DUPLO FITA 40 Nº M', 2, 34.9, 69.8),
  (63, NULL, 'PEITORAL NYLON TRAD. DUPLO FITA 40 Nº GG', 2, 39.9, 79.8),
  (63, NULL, 'PEITORAL POLIESTER TRAD DUPLO NR 4 FITA 20', 2, 18.9, 37.8),
  (63, NULL, 'PEITORAL POLIESTER TRAD DUPLO NR 5 FITA 20', 4, 19.9, 79.6),
  (63, NULL, 'PEITORAL POLIESTER TRAD DUPLO NR 6 FITA 25', 4, 25.9, 103.6),
  (63, NULL, 'GUIA DE CORDA 8 MM C/ 1 METRO', 2, 8.5, 17.0),
  (63, NULL, 'GUIA DE NYLON TUBOLAR   C/   1 MT', 3, 4.5, 13.5),
  (63, NULL, 'GUIA DE POLIESTER    C/   1 MT', 3, 6.5, 19.5),
  (63, NULL, 'GUIA DE POLIESTER DUPLA   C/   60 CM', 2, 12.5, 25.0),
  (63, NULL, 'COL. COURO PINTADA Nº3', 6, 6.0, 36.0),
  (63, NULL, 'COL. COURO PINTADA Nº4', 3, 6.65, 19.95),
  (63, NULL, 'COL. COURO PINTADA Nº5', 6, 8.7, 52.2),
  (63, NULL, 'COL. COURO PINTADA Nº7', 6, 13.6, 81.6),
  (63, NULL, 'COL. COURO PINTADA Nº8', 6, 14.8, 88.8),
  (63, NULL, 'COL. COURO PINTADA Nº9', 6, 17.9, 107.4),
  (63, NULL, 'COL. COURO PINTADA Nº10', 6, 19.9, 119.4),
  (63, NULL, 'COLEIRA NYLON LISA FITA 20MM  Nº 6', 6, 4.0, 24.0),
  (63, NULL, 'PEITORAL POLIESTER GATO TAM ÚNICO', 3, 12.9, 38.7),
  (63, NULL, 'COLEIRA POLIESTER DUPLA NR 3 FITA 20', 4, 6.5, 26.0),
  (63, NULL, 'COLEIRA POLIESTER DUPLA NR 4 FITA 20', 3, 7.9, 23.7),
  (63, NULL, 'COLEIRA POLIESTER DUPLA NR 5 FITA 25', 4, 8.5, 34.0),
  (63, NULL, 'COLEIRA POLIESTER DUPLA NR 6 FITA 25', 3, 9.5, 28.5),
  (63, NULL, 'ALMOFADA COM SILICONE TAM P ( A ENTREGAR)', 2, 26.9, 53.8),
  (63, NULL, 'ALMOFADA COM SILICONE TAM M  ( A ENTREGAR)', 2, 29.9, 59.8),
  (63, NULL, 'ALMOFADA COM SILICONE TAM G  ( A ENTREGAR)', 2, 32.9, 65.8),
  (63, NULL, 'ALMOFADA COM SILICONE TAM GG  ( A ENTREGAR)', 2, 39.9, 79.8),
  (63, NULL, 'ALMOFADA COM SILICONE TAM EG ( A ENTREGAR)', 2, 46.9, 93.8),
  (63, NULL, 'ALMOFADA COM SILICONE TAM EGGG ( A ENTREGAR)', 2, 53.9, 107.8),
  (63, NULL, 'CAMA LEDY M ( A ENTREGAR)', 3, 43.9, 131.7),
  (63, NULL, 'CAMA LEDY G ( A ENTREGAR)', 3, 54.9, 164.7),
  (63, NULL, 'MANTA PET', 8, 14.99, 119.92);

INSERT INTO orders (id, client_key, order_date, sheet_name, discount_pct, payment_terms, payment_dates, format) VALUES
  (64, 'MANU(MURTA)', '2026-02-12', '12.02.26', NULL, 'BOLETO 30 DD', '24.02.2026', 'new');

INSERT INTO order_items (order_id, product_code, description, qty, unit_price, total) VALUES
  (64, '117', 'CAMA LEDY P', 2, 32.9, 65.8),
  (64, '118', 'CAMA LEDY M', 4, 43.9, 175.6),
  (64, '119', 'CAMA LEDY G', 4, 54.9, 219.6);

INSERT INTO orders (id, client_key, order_date, sheet_name, discount_pct, payment_terms, payment_dates, format) VALUES
  (65, 'MANUELA', '2025-09-15', '15.09', NULL, NULL, '15.09.2025', 'old');

INSERT INTO order_items (order_id, product_code, description, qty, unit_price, total) VALUES
  (65, NULL, 'PEITORAL DE NY TUBOLAR FITA 15 Nº 00', 4, 9.6, 38.4),
  (65, NULL, 'PEITORAL DE NY TUBOLAR FITA 15 Nº 0', 4, 9.6, 38.4),
  (65, NULL, 'PEITORAL DE NY TUBOLAR FITA 15 Nº 1', 4, 9.6, 38.4),
  (65, NULL, 'PEITORAL DE NY TUBOLAR FITA 15 Nº 2', 4, 9.6, 38.4),
  (65, NULL, 'PEITORAL DE NY TUBOLAR FITA 15 Nº 3', 4, 9.6, 38.4),
  (65, NULL, 'PEITORAL DE NY TUBOLAR FITA 15 Nº 4', 4, 9.6, 38.4),
  (65, NULL, 'PEITORAL POLYESTER DESENHOS FITA 15 Nº 0', 2, 12.9, 25.8),
  (65, NULL, 'PEITORAL POLYESTER DESENHOS FITA 15 Nº 1', 2, 12.9, 25.8),
  (65, NULL, 'PEITORAL POLYESTER DESENHOS FITA 15 Nº 2', 2, 12.9, 25.8),
  (65, NULL, 'PEITORAL POLYESTER DESENHOS FITA 15 Nº 3', 2, 12.9, 25.8),
  (65, NULL, 'PEITORAL POLYESTER DESENHOS FITA 15 Nº 4', 2, 12.9, 25.8),
  (65, NULL, 'PEITORAL POLIESTER EM X(AMER) FITA 20 Nº P', 2, 16.5, 33.0),
  (65, NULL, 'PEITORAL POLIESTER EM X(AMER) FITA 20 Nº M', 4, 16.9, 67.6),
  (65, NULL, 'PEITORAL POLIESTER EM X(AMER) FITA 20 Nº G', 3, 17.5, 52.5),
  (65, NULL, 'PEITORAL POLIESTER EM X(AMER) FITA 25 Nº P', 2, 19.9, 39.8),
  (65, NULL, 'PEITORAL POLIESTER EM X(AMER) FITA 25 Nº M', 4, 21.9, 87.6),
  (65, NULL, 'PEITORAL POLIESTER EM X(AMER) FITA 25 Nº G', 3, 23.5, 70.5),
  (65, NULL, 'PEITORAL NYLON TRAD. DUPLO FITA 40 Nº G', 1, 36.9, 36.9),
  (65, NULL, 'PEITORAL POLIESTER TRAD DUPLO NR 4 FITA 20', 3, 18.9, 56.7),
  (65, NULL, 'PEITORAL POLIESTER TRAD DUPLO NR 5 FITA 20', 2, 19.9, 39.8),
  (65, NULL, 'PEITORAL POLIESTER TRAD DUPLO NR 6 FITA 25', 3, 25.9, 77.7),
  (65, NULL, 'PEITORAL POLIESTER TRAÇAO TAM G', 1, 42.9, 42.9),
  (65, NULL, 'PEITORAL POLIESTER GATO TAM ÚNICO', 2, 12.9, 25.8),
  (65, NULL, 'GUIA DE NYLON TUBOLAR   C/   1 MT', 3, 4.7, 14.1),
  (65, NULL, 'COLEIRA POLIESTER DUPLA NR 3 FITA 20', 1, 6.5, 6.5),
  (65, NULL, 'COLEIRA POLIESTER DUPLA NR 4 FITA 20', 2, 7.9, 15.8),
  (65, NULL, 'COLEIRA POLIESTER DUPLA NR 5 FITA 25', 2, 8.5, 17.0),
  (65, NULL, 'COLEIRA POLIESTER DUPLA NR 6 FITA 25', 1, 9.5, 9.5);

INSERT INTO orders (id, client_key, order_date, sheet_name, discount_pct, payment_terms, payment_dates, format) VALUES
  (66, 'MANUELA', '2026-01-16', '07.01.26', NULL, NULL, '16.01.2026', 'old');

INSERT INTO order_items (order_id, product_code, description, qty, unit_price, total) VALUES
  (66, NULL, 'PEITORAL DE NY TUBOLAR FITA 15 Nº 0', 2, 9.6, 19.2),
  (66, NULL, 'PEITORAL DE NY TUBOLAR FITA 15 Nº 1', 1, 9.6, 9.6),
  (66, NULL, 'PEITORAL DE NY TUBOLAR FITA 15 Nº 2', 1, 9.6, 9.6),
  (66, NULL, 'PEITORAL DE NY TUBOLAR FITA 15 Nº 4', 1, 9.6, 9.6),
  (66, NULL, 'PEITORAL POLYESTER DESENHOS FITA 15 Nº 0', 2, 12.9, 25.8),
  (66, NULL, 'PEITORAL POLYESTER DESENHOS FITA 15 Nº 1', 2, 12.9, 25.8),
  (66, NULL, 'PEITORAL POLYESTER DESENHOS FITA 15 Nº 2', 3, 12.9, 38.7),
  (66, NULL, 'PEITORAL POLYESTER DESENHOS FITA 15 Nº 3', 3, 12.9, 38.7),
  (66, NULL, 'PEITORAL POLYESTER DESENHOS FITA 15 Nº 4', 2, 12.9, 25.8),
  (66, NULL, 'PEITORAL POLIESTER EM X(AMER) FITA 20 Nº P', 3, 16.5, 49.5),
  (66, NULL, 'PEITORAL POLIESTER EM X(AMER) FITA 20 Nº M', 1, 16.9, 16.9),
  (66, NULL, 'PEITORAL POLIESTER EM X(AMER) FITA 25 Nº P', 1, 19.9, 19.9),
  (66, NULL, 'PEITORAL POLIESTER EM X(AMER) FITA 25 Nº M', 1, 21.9, 21.9),
  (66, NULL, 'PEITORAL POLIESTER EM X(AMER) FITA 25 Nº G', 3, 23.5, 70.5),
  (66, NULL, 'PEITORAL NYLON TRAD. DUPLO FITA 40 Nº GG', 1, 39.9, 39.9);

INSERT INTO orders (id, client_key, order_date, sheet_name, discount_pct, payment_terms, payment_dates, format) VALUES
  (67, 'MANUELA', '2026-03-09', '09.03.26', NULL, NULL, '06.04.2026', 'new');

INSERT INTO order_items (order_id, product_code, description, qty, unit_price, total) VALUES
  (67, '111', 'ALMOFADA COM SILICONE TAM P', 1, 26.9, 26.9),
  (67, '112', 'ALMOFADA COM SILICONE TAM M', 1, 29.9, 29.9),
  (67, '113', 'ALMOFADA COM SILICONE TAM G', 1, 32.9, 32.9),
  (67, '114', 'ALMOFADA COM SILICONE TAM GG', 1, 39.9, 39.9),
  (67, '115', 'ALMOFADA COM SILICONE TAM EG', 1, 46.9, 46.9),
  (67, '116', 'ALMOFADA COM SILICONE TAM EGGG', 1, 53.9, 53.9),
  (67, '117', 'CAMA LEDY P', 2, 32.9, 65.8),
  (67, '118', 'CAMA LEDY M', 2, 43.9, 87.8),
  (67, '119', 'CAMA LEDY G', 2, 54.9, 109.8),
  (67, '130', 'MANTA PET (10 + 1)', 10, 14.99, 149.9);

INSERT INTO orders (id, client_key, order_date, sheet_name, discount_pct, payment_terms, payment_dates, format) VALUES
  (68, 'MARCIO (RECANTO DOS ANIMAIS)', '2025-11-14', '14.11.25', NULL, NULL, '14.11.25', 'old');

INSERT INTO order_items (order_id, product_code, description, qty, unit_price, total) VALUES
  (68, NULL, 'PEITORAL DE NY TUBOLAR FITA 15 Nº 0', 1, 9.6, 9.6),
  (68, NULL, 'PEITORAL DE NY TUBOLAR FITA 15 Nº 1', 4, 9.6, 38.4),
  (68, NULL, 'PEITORAL DE NY TUBOLAR FITA 15 Nº 2', 2, 9.6, 19.2),
  (68, NULL, 'PEITORAL DE NY TUBOLAR FITA 15 Nº 3', 3, 9.6, 28.8),
  (68, NULL, 'PEITORAL POLYESTER DESENHOS FITA 15 Nº 2', 1, 12.9, 12.9),
  (68, NULL, 'PEITORAL POLYESTER DESENHOS FITA 15 Nº 3', 2, 12.9, 25.8),
  (68, NULL, 'PEITORAL NYLON   EM X(AMER)  FITA 15  NºP', 1, 10.5, 10.5),
  (68, NULL, 'PEITORAL NYLON  EM X(AMER) FITA 20  Nº M', 3, 12.5, 37.5),
  (68, NULL, 'PEITORAL NYLON  EM X(AMER) FITA 25  Nº G', 1, 21.5, 21.5),
  (68, NULL, 'PEITORAL POLIESTER EM X(AMER) FITA 20 Nº P', 1, 16.5, 16.5),
  (68, NULL, 'PEITORAL POLIESTER EM X(AMER) FITA 20 Nº M', 3, 16.9, 50.7),
  (68, NULL, 'PEITORAL POLIESTER EM X(AMER) FITA 20 Nº G', 1, 17.5, 17.5),
  (68, NULL, 'PEITORAL POLIESTER EM X(AMER) FITA 25 Nº P', 3, 19.9, 59.7),
  (68, NULL, 'PEITORAL POLIESTER EM X(AMER) FITA 25 Nº M', 2, 21.9, 43.8),
  (68, NULL, 'PEITORAL POLIESTER EM X(AMER) FITA 25 Nº G', 1, 23.5, 23.5),
  (68, NULL, 'PEITORAL POLIESTER TRAD DUPLO NR 4 FITA 20', 1, 18.9, 18.9),
  (68, NULL, 'PEITORAL POLIESTER TRAD DUPLO NR 5 FITA 20', 3, 19.9, 59.7),
  (68, NULL, 'PEITORAL POLIESTER TRAD DUPLO NR 6 FITA 25', 3, 25.9, 77.7),
  (68, NULL, 'GUIA DE CORDA 8 MM C/ 1 METRO', 1, 8.5, 8.5),
  (68, NULL, 'GUIA DE CORDA 16 MM C/ 60 CM', 1, 14.4, 14.4),
  (68, NULL, 'GUIA DE CORDA 16 MM C/ 1 MT', 1, 16.1, 16.1),
  (68, NULL, 'GUIA DE CORDA 16 MM  C/40 CM COM MOLA', 1, 15.8, 15.8),
  (68, NULL, 'GUIA ENFORCADOR 16 MM X 1,20 C/ ARGOLA', 1, 14.9, 14.9);

INSERT INTO orders (id, client_key, order_date, sheet_name, discount_pct, payment_terms, payment_dates, format) VALUES
  (69, 'MARCIO (RECANTO DOS ANIMAIS)', '2026-01-26', '26.01.26', NULL, NULL, '26.01.2026', 'old');

INSERT INTO order_items (order_id, product_code, description, qty, unit_price, total) VALUES
  (69, NULL, 'PEITORAL DE NY TUBOLAR FITA 15 Nº 00', 2, 9.6, 19.2),
  (69, NULL, 'PEITORAL DE NY TUBOLAR FITA 15 Nº 0', 2, 9.6, 19.2),
  (69, NULL, 'PEITORAL DE NY TUBOLAR FITA 15 Nº 1', 1, 9.6, 9.6),
  (69, NULL, 'PEITORAL DE NY TUBOLAR FITA 15 Nº 2', 4, 9.6, 38.4),
  (69, NULL, 'PEITORAL DE NY TUBOLAR FITA 15 Nº 3', 4, 9.6, 38.4),
  (69, NULL, 'PEITORAL POLYESTER DESENHOS FITA 15 Nº 00', 2, 12.9, 25.8),
  (69, NULL, 'PEITORAL POLYESTER DESENHOS FITA 15 Nº 0', 2, 12.9, 25.8),
  (69, NULL, 'PEITORAL POLYESTER DESENHOS FITA 15 Nº 1', 2, 12.9, 25.8),
  (69, NULL, 'PEITORAL POLYESTER DESENHOS FITA 15 Nº 2', 1, 12.9, 12.9),
  (69, NULL, 'PEITORAL POLYESTER DESENHOS FITA 15 Nº 3', 2, 12.9, 25.8),
  (69, NULL, 'PEITORAL NYLON   EM X(AMER)  FITA 15  NºP', 2, 10.5, 21.0),
  (69, NULL, 'PEITORAL NYLON  EM X(AMER) FITA 20  Nº M', 1, 12.5, 12.5),
  (69, NULL, 'PEITORAL NYLON  EM X(AMER) FITA 25  Nº G', 1, 21.5, 21.5),
  (69, NULL, 'PEITORAL POLIESTER EM X(AMER) FITA 20 Nº P', 2, 16.5, 33.0),
  (69, NULL, 'PEITORAL POLIESTER EM X(AMER) FITA 20 Nº M', 1, 16.9, 16.9),
  (69, NULL, 'PEITORAL POLIESTER EM X(AMER) FITA 20 Nº G', 3, 17.5, 52.5),
  (69, NULL, 'PEITORAL POLIESTER EM X(AMER) FITA 25 Nº P', 2, 19.9, 39.8),
  (69, NULL, 'PEITORAL POLIESTER EM X(AMER) FITA 25 Nº M', 1, 21.9, 21.9),
  (69, NULL, 'PEITORAL POLIESTER EM X(AMER) FITA 25 Nº G', 1, 23.5, 23.5),
  (69, NULL, 'PEITORAL NYLON TRAD. DUPLO FITA 40 Nº M', 1, 34.9, 34.9),
  (69, NULL, 'GUIA DE CORDA 16 MM C/ 40 CM', 1, 13.5, 13.5),
  (69, NULL, 'GUIA DE CORDA 16 MM C/ 60 CM', 2, 14.4, 28.8),
  (69, NULL, 'GUIA DE CORDA 16 MM C/ 1 MT', 1, 16.1, 16.1),
  (69, NULL, 'GUIA DE CORDA 16 MM  C/40 CM COM MOLA', 2, 15.8, 31.6),
  (69, NULL, 'GUIA DE CORDA 16 MM C/ 1 MT  COM MOLA', 2, 18.3, 36.6),
  (69, NULL, 'GUIA ENFORCADOR 16 MM X 40 CM C/MOLA', 5, 24.9, 124.5),
  (69, NULL, 'GUIA ENFORCADOR 16 MM X 1,20 C/ ARGOLA', 2, 14.9, 29.8),
  (69, NULL, 'COLEIRA POLIESTER DUPLA NR 6 FITA 25', 1, 9.5, 9.5),
  (69, NULL, 'COLEIRA POLIESTER DUPLA NR 7 FITA 30', 1, 14.5, 14.5);

INSERT INTO orders (id, client_key, order_date, sheet_name, discount_pct, payment_terms, payment_dates, format) VALUES
  (70, 'MEIA PRAIA', '2025-09-10', 'PEDIDO 10.09.2025', NULL, NULL, '10.09.25', 'old');

INSERT INTO order_items (order_id, product_code, description, qty, unit_price, total) VALUES
  (70, NULL, 'PEITORAL DE NY TUBOLAR FITA 15 Nº 00', 3, 9.6, 28.8),
  (70, NULL, 'PEITORAL DE NY TUBOLAR FITA 15 Nº 0', 6, 9.6, 57.6),
  (70, NULL, 'PEITORAL DE NY TUBOLAR FITA 15 Nº 1', 5, 9.6, 48.0),
  (70, NULL, 'PEITORAL DE NY TUBOLAR FITA 15 Nº 2', 8, 9.6, 76.8),
  (70, NULL, 'PEITORAL DE NY TUBOLAR FITA 15 Nº 3', 8, 9.6, 76.8),
  (70, NULL, 'PEITORAL DE NY TUBOLAR FITA 15 Nº 4', 3, 9.6, 28.8),
  (70, NULL, 'PEITORAL DE NYLON FITA 20 NR 4', 2, 12.9, 25.8),
  (70, NULL, 'PEITORAL POLIESTER EM X(AMER) FITA 15 Nº G', 1, 13.9, 13.9),
  (70, NULL, 'PEITORAL POLIESTER EM X(AMER) FITA 20 Nº M', 1, 16.9, 16.9),
  (70, NULL, 'PEITORAL NYLON TRAD. DUPLO FITA 40 Nº M', 1, 34.9, 34.9),
  (70, NULL, 'PEITORAL NYLON TRAD. DUPLO FITA 40 Nº G', 1, 36.9, 36.9),
  (70, NULL, 'PEITORAL POLIESTER TRAD DUPLO NR 4 FITA 20', 3, 18.9, 56.7),
  (70, NULL, 'PEITORAL POLIESTER TRAD DUPLO NR 5 FITA 20', 1, 19.9, 19.9),
  (70, NULL, 'PEITORAL POLIESTER TRAD DUPLO NR 6 FITA 25', 3, 25.9, 77.7),
  (70, NULL, 'GUIA DE CORDA 8 MM C/ 1 METRO', 3, 8.5, 25.5),
  (70, NULL, 'GUIA DE CORDA 16 MM C/ 1 MT', 1, 16.1, 16.1),
  (70, NULL, 'GUIA DE CORDA 16 MM C/ 60 CM COM MOLA', 1, 16.6, 16.6),
  (70, NULL, 'GUIA DE CORDA 16 MM C/ 1 MT  COM MOLA', 2, 18.3, 36.6),
  (70, NULL, 'GUIA ENFORCADOR 16 MM X 40 CM C/MOLA', 2, 24.0, 48.0),
  (70, NULL, 'GUIA ENFORCADOR 16 MM X 60 CM C/MOLA', 2, 24.0, 48.0),
  (70, NULL, 'GUIA ENFORCADOR 16 MM X 1,20 C/ ARGOLA', 2, 15.15, 30.3),
  (70, NULL, 'PEITORAL NYLON DUPLO REFORÇADO TAM G', 1, 30.9, 30.9),
  (70, NULL, 'COL. COURO NATURAL Nº1(  )PINTADA Nº1( X  )', 6, 3.0, 18.0),
  (70, NULL, 'COL. COURO NATURAL Nº2(  )PINTADA Nº2(X   )', 3, 3.9, 11.7),
  (70, NULL, 'COL. COURO NATURAL Nº3(  )PINTADA Nº3( X  )', 3, 6.0, 18.0),
  (70, NULL, 'COL. COURO NATURAL Nº4(  )PINTADA Nº4( X  )', 2, 6.65, 13.3),
  (70, NULL, 'COL. COURO NATURAL Nº5(  )PINTADA Nº5( X  )', 2, 8.7, 17.4),
  (70, NULL, 'COL. COURO NATURAL Nº6(  )PINTADA Nº6( X  )', 3, 11.0, 33.0),
  (70, NULL, 'COL. COURO NATURAL Nº9(  )PINTADA Nº9( X  )', 3, 17.9, 53.7),
  (70, NULL, 'COL COUR NATURAL Nº10(   )PINTADA Nº10( X  )', 3, 19.9, 59.7),
  (70, NULL, 'COLEIRA NYLON LISA FITA 20MM  Nº 4', 6, 4.0, 24.0),
  (70, NULL, 'COLEIRA NYLON LISA FITA 20MM  Nº 5', 6, 4.0, 24.0),
  (70, NULL, 'COLEIRA POLIESTER DUPLA NR 3 FITA 20', 3, 6.5, 19.5),
  (70, NULL, 'COLEIRA POLIESTER DUPLA NR 4 FITA 20', 1, 7.9, 7.9),
  (70, NULL, 'COLEIRA POLIESTER DUPLA NR 5 FITA 25', 1, 8.5, 8.5),
  (70, NULL, 'COLEIRA POLIESTER DUPLA NR 6 FITA 25', 2, 9.5, 19.0),
  (70, NULL, 'ALMOFADA COM SILICONE TAM G', 2, 32.9, 65.8),
  (70, NULL, 'ALMOFADA COM SILICONE TAM GG', 2, 39.9, 79.8),
  (70, NULL, 'ALMOFADA COM SILICONE TAM EG', 2, 46.9, 93.8),
  (70, NULL, 'ALMOFADA COM SILICONE TAM EGGG', 2, 53.9, 107.8),
  (70, NULL, 'CAMA LEDY G', 1, 54.9, 54.9),
  (70, NULL, 'SUETER TAM 02', 2, 8.5, 17.0),
  (70, NULL, 'SUETER TAM 04', 4, 8.9, 35.6),
  (70, NULL, 'SUETER TAM 06', 4, 12.0, 48.0),
  (70, NULL, 'SUETER TAM 08', 4, 14.2, 56.8);

INSERT INTO orders (id, client_key, order_date, sheet_name, discount_pct, payment_terms, payment_dates, format) VALUES
  (71, 'MEIA PRAIA', '2025-12-15', '15.12', NULL, NULL, '15.12.25', 'old');

INSERT INTO order_items (order_id, product_code, description, qty, unit_price, total) VALUES
  (71, NULL, 'PEITORAL DE NY TUBOLAR FITA 15 Nº 0', 2, 9.6, 19.2),
  (71, NULL, 'PEITORAL DE NY TUBOLAR FITA 15 Nº 1', 7, 9.6, 67.2),
  (71, NULL, 'PEITORAL DE NY TUBOLAR FITA 15 Nº 2', 4, 9.6, 38.4),
  (71, NULL, 'PEITORAL DE NY TUBOLAR FITA 15 Nº 3', 3, 9.6, 28.8),
  (71, NULL, 'PEITORAL DE NY TUBOLAR FITA 15 Nº 4', 3, 9.6, 28.8),
  (71, NULL, 'PEITORAL DE NYLON FITA 20 NR 4', 4, 12.9, 51.6),
  (71, NULL, 'PEITORAL POLIESTER EM X(AMER) FITA 25 Nº G', 1, 23.5, 23.5),
  (71, NULL, 'PEITORAL NYLON TRAD. DUPLO FITA 40 Nº GG', 1, 39.9, 39.9),
  (71, NULL, 'PEITORAL POLIESTER TRAD DUPLO NR 4 FITA 20', 1, 18.9, 18.9),
  (71, NULL, 'PEITORAL POLIESTER TRAD DUPLO NR 6 FITA 25', 3, 25.9, 77.7),
  (71, NULL, 'GUIA DE CORDA 8 MM C/ 1 METRO', 4, 8.5, 34.0),
  (71, NULL, 'GUIA ENFORCADOR 16 MM X 40 CM C/MOLA', 2, 24.9, 49.8),
  (71, NULL, 'GUIA ENFORCADOR 16 MM X 60 CM C/MOLA', 1, 26.9, 26.9),
  (71, NULL, 'GUIA ENFORCADOR 16 MM X 1,20 C/ ARGOLA', 3, 14.9, 44.7),
  (71, NULL, 'GUIA DE POLIESTER DUPLA   C/   60 CM', 4, 12.9, 51.6),
  (71, NULL, 'GUIA DE POLIESTER DUPLA   C/   1 MT', 2, 14.9, 29.8),
  (71, NULL, 'CINTO DE SEGURANÇA PET FITA 25', 4, 10.9, 43.6),
  (71, NULL, 'PEITORAL NYLON DUPLO REFORÇADO TAM P', 3, 27.9, 83.7),
  (71, NULL, 'PEITORAL NYLON DUPLO REFORÇADO TAM M', 3, 29.9, 89.7),
  (71, NULL, 'PEITORAL NYLON DUPLO REFORÇADO TAM G', 2, 30.9, 61.8),
  (71, NULL, 'COL. COURO PINTADA Nº3', 2, 6.0, 12.0),
  (71, NULL, 'COL. COURO PINTADA Nº4', 3, 6.65, 19.95),
  (71, NULL, 'COL. COURO PINTADA Nº5', 3, 8.7, 26.1),
  (71, NULL, 'COLEIRA NYLON  TUBOLAR FITA 15 MM Nº 1', 3, 3.5, 10.5),
  (71, NULL, 'PEITORAL POLIESTER GATO TAM ÚNICO', 2, 12.9, 25.8),
  (71, NULL, 'COLEIRA POLIESTER DUPLA NR 4 FITA 20', 2, 7.9, 15.8),
  (71, NULL, 'COLEIRA POLIESTER DUPLA NR 5 FITA 25', 3, 8.5, 25.5),
  (71, NULL, 'COLEIRA POLIESTER DUPLA NR 7 FITA 30', 1, 14.5, 14.5),
  (71, NULL, 'PIPI DOG', 6, 16.99, 101.94);

INSERT INTO orders (id, client_key, order_date, sheet_name, discount_pct, payment_terms, payment_dates, format) VALUES
  (72, 'MEIA PRAIA', '2026-03-09', '09.03.26', NULL, NULL, '09.03.26', 'new');

INSERT INTO order_items (order_id, product_code, description, qty, unit_price, total) VALUES
  (72, 'OO1', 'PEITORAL DE NY TUBOLAR FITA 15 Nº 00', 2, 9.9, 19.8),
  (72, 'OO2', 'PEITORAL DE NY TUBOLAR FITA 15 Nº 0', 5, 9.9, 49.5),
  (72, 'OO3', 'PEITORAL DE NY TUBOLAR FITA 15 Nº 1', 3, 9.9, 29.7),
  (72, 'OO4', 'PEITORAL DE NY TUBOLAR FITA 15 Nº 2', 2, 9.9, 19.8),
  (72, 'OO5', 'PEITORAL DE NY TUBOLAR FITA 15 Nº 3', 5, 9.9, 49.5),
  (72, 'OO6', 'PEITORAL DE NY TUBOLAR FITA 15 Nº 4', 2, 9.9, 19.8),
  (72, 'OO7', 'PEITORAL DE NYLON FITA 20 NR 4', 4, 12.9, 51.6),
  (72, 'O18', 'PEITORAL POLIESTER EM X FITA 15 N. P', 1, 12.9, 12.9),
  (72, 'O19', 'PEITORAL POLIESTER EM X FITA 15 Nº M', 1, 13.6, 13.6),
  (72, 'O20', 'PEITORAL POLIESTER EM X FITA 15 Nº G', 1, 13.9, 13.9),
  (72, 'O31', 'PEITORAL NYLON  DUPLO FITA 40 Nº GG', 1, 39.9, 39.9),
  (72, 'O33', 'PEITORAL POLIESTER DUPLO FITA 20 Nº 5', 2, 19.9, 39.8),
  (72, 'O34', 'PEITORAL POLIESTER DUPLO FITA 25 Nº 6', 3, 25.9, 77.7),
  (72, 'O36', 'GUIA DE CORDA 8 MM C/ 1 METRO', 2, 8.5, 17.0),
  (72, 'O41', 'GUIA DE CORDA 16 MM C/ 1 MT', 2, 16.1, 32.2),
  (72, 'O44', 'GUIA DE CORDA 16 MM C/ 1 MT  C/ MOLA', 1, 18.3, 18.3),
  (72, 'O53', 'GUIA DE NYLON TUBOLAR  FITA 15 C/ 1 MT', 3, 4.7, 14.1),
  (72, 'O56', 'GUIA DE POLIESTER DUPLA   C/   1 MT', 2, 14.9, 29.8),
  (72, 'O57', 'CINTO SEGURANÇA PET NYLON FITA 25', 2, 10.5, 21.0),
  (72, 'O59', 'PEITORAL NYLON NEOPREME Nº M', 1, 41.9, 41.9),
  (72, 'O61', 'PEITORAL NYLON DUPLO REFORÇADO TAM P', 3, 27.9, 83.7),
  (72, 'O62', 'PEITORAL NYLON DUPLO REFORÇADO TAM M', 1, 29.9, 29.9),
  (72, 'O80', 'COL. COURO PINTADA Nº7', 3, 10.9, 32.7),
  (72, 'O81', 'COL. COURO PINTADA Nº8', 6, 11.66, 69.96),
  (72, 'O82', 'COL. COURO PINTADA Nº9', 6, 15.6, 93.6),
  (72, 'O85', 'COLEIRA NYLON TUBOLAR FITA 15 MM Nº 0', 6, 3.5, 21.0),
  (72, 'O87', 'COLEIRA NYLON TUBOLAR FITA 15 MM Nº 2', 6, 3.5, 21.0),
  (72, '107', 'COLEIRA POLIESTER DUPLA NR 4 FITA 20', 2, 7.9, 15.8),
  (72, '109', 'COLEIRA POLIESTER DUPLA NR 6 FITA 25', 1, 9.5, 9.5),
  (72, '118', 'CAMA LEDY M', 2, 43.9, 87.8),
  (72, '130', 'MANTA PET (10 + 1)', 10, 14.99, 149.9);

INSERT INTO orders (id, client_key, order_date, sheet_name, discount_pct, payment_terms, payment_dates, format) VALUES
  (73, 'MORRETES', '2025-10-03', '01.10', NULL, NULL, '03.10.25', 'old');

INSERT INTO order_items (order_id, product_code, description, qty, unit_price, total) VALUES
  (73, NULL, 'PEITORAL DE NY TUBOLAR FITA 15 Nº 00', 3, 9.6, 28.8),
  (73, NULL, 'PEITORAL DE NY TUBOLAR FITA 15 Nº 0', 1, 9.6, 9.6),
  (73, NULL, 'PEITORAL DE NY TUBOLAR FITA 15 Nº 2', 1, 9.6, 9.6),
  (73, NULL, 'PEITORAL DE NY TUBOLAR FITA 15 Nº 3', 2, 9.6, 19.2),
  (73, NULL, 'PEITORAL DE NY TUBOLAR FITA 15 Nº 4', 2, 9.6, 19.2),
  (73, NULL, 'PEITORAL NYLON  EM X(AMER) FITA 25  Nº G', 1, 21.5, 21.5),
  (73, NULL, 'PEITORAL NYLON TRAD. DUPLO FITA 40 Nº G', 1, 36.9, 36.9),
  (73, NULL, 'PEITORAL POLIESTER TRAD DUPLO NR 4 FITA 20', 1, 18.9, 18.9),
  (73, NULL, 'GUIA DE CORDA 8 MM C/ 1 METRO', 2, 8.5, 17.0),
  (73, NULL, 'GUIA DE CORDA 16 MM C/ 40 CM', 1, 13.5, 13.5),
  (73, NULL, 'GUIA DE CORDA 16 MM C/ 60 CM', 1, 14.4, 14.4),
  (73, NULL, 'GUIA DE CORDA 16 MM C/ 1 MT', 1, 16.1, 16.1),
  (73, NULL, 'GUIA DE CORDA 16 MM C/ 1 MT  COM MOLA', 1, 18.3, 18.3),
  (73, NULL, 'COLEIRA NYLON  TUBOLAR FITA 15 MM Nº 0', 6, 3.5, 21.0),
  (73, NULL, 'COLEIRA NYLON LISA FITA 20MM  Nº 5', 6, 4.0, 24.0),
  (73, NULL, 'COLEIRA NYLON LISA FITA 20MM  Nº 6', 6, 4.0, 24.0),
  (73, NULL, 'COLEIRA POLIESTER DUPLA NR 3 FITA 20', 3, 6.5, 19.5),
  (73, NULL, 'COLEIRA POLIESTER DUPLA NR 5 FITA 25', 1, 8.5, 8.5),
  (73, NULL, 'COLEIRA POLIESTER DUPLA NR 6 FITA 25', 1, 9.5, 9.5),
  (73, NULL, 'COLEIRA POLIESTER DUPLA NR 7 FITA 30', 1, 14.5, 14.5),
  (73, NULL, 'CAMA LEDY P', 1, 32.9, 32.9),
  (73, NULL, 'CAMA LEDY M', 2, 43.9, 87.8);

INSERT INTO orders (id, client_key, order_date, sheet_name, discount_pct, payment_terms, payment_dates, format) VALUES
  (74, 'MORRETES', '2025-12-15', '01.12.25', NULL, NULL, '15.12.25', 'old');

INSERT INTO order_items (order_id, product_code, description, qty, unit_price, total) VALUES
  (74, NULL, 'PEITORAL DE NY TUBOLAR FITA 15 Nº 00', 2, 9.6, 19.2),
  (74, NULL, 'PEITORAL DE NY TUBOLAR FITA 15 Nº 1', 2, 9.6, 19.2),
  (74, NULL, 'PEITORAL DE NY TUBOLAR FITA 15 Nº 2', 1, 9.6, 9.6),
  (74, NULL, 'PEITORAL DE NY TUBOLAR FITA 15 Nº 3', 2, 9.6, 19.2),
  (74, NULL, 'PEITORAL DE NY TUBOLAR FITA 15 Nº 4', 1, 9.6, 9.6),
  (74, NULL, 'PEITORAL NYLON  EM X(AMER) FITA 20  Nº M', 1, 12.5, 12.5),
  (74, NULL, 'PEITORAL NYLON  EM X(AMER) FITA 25  Nº G', 1, 21.5, 21.5),
  (74, NULL, 'PEITORAL NYLON TRAD. DUPLO FITA 40 Nº M', 1, 34.9, 34.9),
  (74, NULL, 'PEITORAL NYLON TRAD. DUPLO FITA 40 Nº G', 1, 36.9, 36.9),
  (74, NULL, 'PEITORAL NYLON TRAD. DUPLO FITA 40 Nº GG', 1, 39.9, 39.9),
  (74, NULL, 'PEITORAL POLIESTER TRAD DUPLO NR 4 FITA 20', 1, 18.9, 18.9),
  (74, NULL, 'PEITORAL POLIESTER TRAD DUPLO NR 5 FITA 20', 1, 19.9, 19.9),
  (74, NULL, 'PEITORAL POLIESTER TRAD DUPLO NR 6 FITA 25', 1, 25.9, 25.9),
  (74, NULL, 'GUIA DE CORDA 8 MM C/ 1 METRO', 1, 8.5, 8.5),
  (74, NULL, 'GUIA DE CORDA 16 MM C/ 1 MT', 1, 16.1, 16.1),
  (74, NULL, 'GUIA DE CORDA 16 MM C/ 1 MT  COM MOLA', 1, 18.3, 18.3),
  (74, NULL, 'CINTO DE SEGURANÇA PET FITA 25', 2, 10.5, 21.0),
  (74, NULL, 'COLEIRA NYLON  TUBOLAR FITA 15 MM Nº 1', 6, 3.8, 22.8),
  (74, NULL, 'COLEIRA NYLON  TUBOLAR FITA 15 MM Nº 2', 6, 3.8, 22.8),
  (74, NULL, 'COLEIRA NYLON  TUBOLAR FITA 15 MM Nº 3', 6, 3.8, 22.8),
  (74, NULL, 'COLEIRA POLIESTER DUPLA NR 3 FITA 20', 1, 6.5, 6.5),
  (74, NULL, 'COLEIRA POLIESTER DUPLA NR 4 FITA 20', 1, 7.9, 7.9),
  (74, NULL, 'COLEIRA POLIESTER DUPLA NR 5 FITA 25', 1, 8.5, 8.5),
  (74, NULL, 'COLEIRA POLIESTER DUPLA NR 6 FITA 25', 2, 9.5, 19.0),
  (74, NULL, 'CAMA LEDY M', 1, 43.9, 43.9),
  (74, NULL, 'CAMA LEDY G', 1, 54.9, 54.9);

INSERT INTO orders (id, client_key, order_date, sheet_name, discount_pct, payment_terms, payment_dates, format) VALUES
  (75, 'MORRETES', '2026-03-16', '03.03', NULL, NULL, '16.03.2026', 'old');

INSERT INTO order_items (order_id, product_code, description, qty, unit_price, total) VALUES
  (75, NULL, 'OO1', 9, 4.95, 3.0),
  (75, NULL, 'OO2', 9, 4.95, 2.0),
  (75, NULL, 'OO3', 9, 4.95, 2.0),
  (75, NULL, 'OO4', 9, 4.95, 1.0),
  (75, NULL, 'OO5', 9, 4.95, 1.0),
  (75, NULL, 'OO6', 9, 4.95, 1.0),
  (75, NULL, 'O16', 12, 7.1, 2.0),
  (75, NULL, 'O17', 21, 12.2, 1.0),
  (75, NULL, 'O33', 19, 6.6, 1.0),
  (75, NULL, 'O34', 25, 6.6, 1.0),
  (75, NULL, 'O36', 8, 5.15, 2.0),
  (75, NULL, 'O45', 24, 15.8, 1.0),
  (75, NULL, 'O46', 26, 16.8, 1.0),
  (75, NULL, 'O53', 4, 2.4, 4.0),
  (75, NULL, 'O59', 41, 18.84, 1.0),
  (75, NULL, 'O60', 42, 18.84, 1.0),
  (75, NULL, 'O84', 3, 2.2, 6.0),
  (75, NULL, 'O85', 3, 2.2, 6.0),
  (75, NULL, 'O86', 3, 2.2, 6.0),
  (75, NULL, 'O90', 4, 2.68, 6.0),
  (75, NULL, '107', 7, 7.65, 4.0),
  (75, NULL, '108', 8, 8.65, 2.0),
  (75, NULL, '109', 9, 9.65, 2.0),
  (75, NULL, '110', 14, 12.9, 1.0),
  (75, NULL, '118', 43, 25.4, 1.0),
  (75, NULL, '130', 14, 25.4, 3.0);

INSERT INTO orders (id, client_key, order_date, sheet_name, discount_pct, payment_terms, payment_dates, format) VALUES
  (76, 'MULTI AGRO CAMBORIU', '2025-10-03', '03.10', NULL, NULL, NULL, 'old');

INSERT INTO order_items (order_id, product_code, description, qty, unit_price, total) VALUES
  (76, NULL, 'PEITORAL POLIESTER TRAD DUPLO NR 4 FITA 20', 5, 18.9, 94.5),
  (76, NULL, 'PEITORAL POLIESTER TRAD DUPLO NR 5 FITA 20', 5, 19.9, 99.5),
  (76, NULL, 'PEITORAL POLIESTER TRAD DUPLO NR 6 FITA 25', 5, 23.9, 119.5),
  (76, NULL, 'PEITORAL POLIESTER GATO TAM ÚNICO', 10, 12.9, 129.0);

INSERT INTO orders (id, client_key, order_date, sheet_name, discount_pct, payment_terms, payment_dates, format) VALUES
  (77, 'MULTI AGRO CAMBORIU', '2025-11-08', '04.11', NULL, NULL, '08.11.25', 'old');

INSERT INTO order_items (order_id, product_code, description, qty, unit_price, total) VALUES
  (77, NULL, 'PEITORAL POLYESTER DESENHOS FITA 15 Nº 0', 2, 12.9, 25.8),
  (77, NULL, 'PEITORAL POLYESTER DESENHOS FITA 15 Nº 1', 3, 12.9, 38.7),
  (77, NULL, 'PEITORAL POLYESTER DESENHOS FITA 15 Nº 2', 4, 12.9, 51.6),
  (77, NULL, 'PEITORAL POLIESTER EM X(AMER) FITA 15 N. P', 4, 12.9, 51.6),
  (77, NULL, 'PEITORAL POLIESTER EM X(AMER) FITA 15 Nº M', 4, 13.6, 54.4),
  (77, NULL, 'PEITORAL POLIESTER EM X(AMER) FITA 15 Nº G', 4, 13.9, 55.6),
  (77, NULL, 'PEITORAL POLIESTER EM X(AMER) FITA 20 Nº P', 4, 16.5, 66.0),
  (77, NULL, 'PEITORAL POLIESTER EM X(AMER) FITA 20 Nº M', 4, 16.9, 67.6),
  (77, NULL, 'PEITORAL POLIESTER EM X(AMER) FITA 20 Nº G', 4, 17.5, 70.0),
  (77, NULL, 'PEITORAL POLIESTER EM X(AMER) FITA 25 Nº P', 4, 19.9, 79.6),
  (77, NULL, 'PEITORAL POLIESTER EM X(AMER) FITA 25 Nº M', 4, 21.9, 87.6),
  (77, NULL, 'PEITORAL POLIESTER EM X(AMER) FITA 25 Nº G', 4, 23.5, 94.0),
  (77, NULL, 'PEITORAL POLIESTER TRAD DUPLO NR 4 FITA 20', 3, 18.9, 56.7),
  (77, NULL, 'PEITORAL POLIESTER TRAD DUPLO NR 5 FITA 20', 3, 19.9, 59.7),
  (77, NULL, 'PEITORAL POLIESTER TRAD DUPLO NR 6 FITA 25', 3, 25.9, 77.7),
  (77, NULL, 'GUIA ENFORCADOR 16 MM X 40 CM C/MOLA', 1, 24.9, 24.9),
  (77, NULL, 'GUIA ENFORCADOR 16 MM X 60 CM C/MOLA', 1, 26.9, 26.9),
  (77, NULL, 'GUIA ENFORCADOR 16 MM X 1,20 C/ ARGOLA', 1, 14.9, 14.9),
  (77, NULL, 'COLEIRA REGUL POLIESTER FITA 15 TAM P', 1, 5.9, 5.9),
  (77, NULL, 'COLEIRA REGUL POLIESTER FITA 20 TAM M', 3, 6.9, 20.7),
  (77, NULL, 'COLEIRA REGUL POLIESTER FITA 25 TAM G', 2, 8.9, 17.8),
  (77, NULL, 'GUIA DE POLIESTER    C/   1 MT', 6, 6.5, 39.0),
  (77, NULL, 'GUIA DE POLIESTER DUPLA   C/   1 MT', 2, 14.9, 29.8),
  (77, NULL, 'COLEIRA DE POLIESTER FITA 15 MM Nº 0', 6, 4.0, 24.0),
  (77, NULL, 'COLEIRA DE POLIESTER FITA 15 MM Nº 2', 6, 4.0, 24.0),
  (77, NULL, 'COLEIRA DE POLIESTER FITA 15 MM Nº 3', 6, 4.0, 24.0),
  (77, NULL, 'COLEIRA POLIESTER DUPLA NR 3 FITA 20', 3, 6.5, 19.5),
  (77, NULL, 'COLEIRA POLIESTER DUPLA NR 4 FITA 20', 5, 7.9, 39.5),
  (77, NULL, 'COLEIRA POLIESTER DUPLA NR 5 FITA 25', 4, 8.5, 34.0),
  (77, NULL, 'PIPI DOG', 3, 16.99, 50.97);

INSERT INTO orders (id, client_key, order_date, sheet_name, discount_pct, payment_terms, payment_dates, format) VALUES
  (78, 'MULTI AGRO CAMBORIU', '2025-12-16', '16.12', NULL, NULL, '16.12.25', 'old');

INSERT INTO order_items (order_id, product_code, description, qty, unit_price, total) VALUES
  (78, NULL, 'PEITORAL POLIESTER EM X(AMER) FITA 15 Nº M', 3, 13.6, 40.8),
  (78, NULL, 'PEITORAL POLIESTER EM X(AMER) FITA 20 Nº M', 3, 16.9, 50.7),
  (78, NULL, 'GUIA DE CORDA 8 MM C/ 1 METRO', 5, 8.5, 42.5),
  (78, NULL, 'GUIA DE CORDA 16 MM C/ 60 CM', 2, 14.4, 28.8),
  (78, NULL, 'GUIA DE CORDA 16 MM C/ 1 MT', 2, 16.1, 32.2),
  (78, NULL, 'COL. COURO NATURAL Nº3', 6, 4.35, 26.1),
  (78, NULL, 'COL. COURO NATURAL Nº4', 6, 6.0, 36.0),
  (78, NULL, 'COL. COURO NATURAL Nº5', 6, 6.2, 37.2),
  (78, NULL, 'COL. COURO NATURAL Nº6', 6, 7.6, 45.6),
  (78, NULL, 'COL. COURO PINTADA Nº3', 6, 6.0, 36.0),
  (78, NULL, 'COL. COURO PINTADA Nº4', 6, 6.65, 39.9),
  (78, NULL, 'COL. COURO PINTADA Nº5', 6, 8.7, 52.2),
  (78, NULL, 'COL. COURO PINTADA Nº6', 6, 11.0, 66.0),
  (78, NULL, 'COLEIRA POLIESTER DUPLA NR 5 FITA 25', 6, 8.5, 51.0),
  (78, NULL, 'COLEIRA POLIESTER DUPLA NR 7 FITA 30', 6, 14.5, 87.0);

INSERT INTO orders (id, client_key, order_date, sheet_name, discount_pct, payment_terms, payment_dates, format) VALUES
  (79, 'MULTI AGRO CAMBORIU', '2026-01-26', '14.01.26', NULL, NULL, '26.01.26', 'old');

INSERT INTO order_items (order_id, product_code, description, qty, unit_price, total) VALUES
  (79, NULL, 'PEITORAL POLYESTER DESENHOS FITA 15 Nº 00', 8, 12.9, 103.2),
  (79, NULL, 'PEITORAL POLYESTER DESENHOS FITA 15 Nº 0', 8, 12.9, 103.2),
  (79, NULL, 'PEITORAL POLYESTER DESENHOS FITA 15 Nº 1', 6, 12.9, 77.4),
  (79, NULL, 'PEITORAL POLYESTER DESENHOS FITA 15 Nº 2', 8, 12.9, 103.2),
  (79, NULL, 'PEITORAL POLYESTER DESENHOS FITA 15 Nº 3', 8, 12.9, 103.2),
  (79, NULL, 'PEITORAL POLIESTER EM X(AMER) FITA 15 N. P', 3, 12.9, 38.7),
  (79, NULL, 'PEITORAL POLIESTER EM X(AMER) FITA 15 Nº M', 12, 13.6, 163.2),
  (79, NULL, 'PEITORAL POLIESTER EM X(AMER) FITA 15 Nº G', 3, 13.9, 41.7),
  (79, NULL, 'PEITORAL POLIESTER EM X(AMER) FITA 20 Nº P', 4, 16.5, 66.0),
  (79, NULL, 'PEITORAL POLIESTER EM X(AMER) FITA 20 Nº M', 12, 16.9, 202.8),
  (79, NULL, 'PEITORAL POLIESTER EM X(AMER) FITA 25 Nº M', 2, 21.9, 43.8),
  (79, NULL, 'PEITORAL POLIESTER EM X(AMER) FITA 25 Nº G', 3, 23.5, 70.5),
  (79, NULL, 'PEITORAL POLIESTER TRAD DUPLO NR 4 FITA 20', 6, 18.9, 113.4),
  (79, NULL, 'PEITORAL POLIESTER TRAD DUPLO NR 5 FITA 20', 3, 19.9, 59.7),
  (79, NULL, 'PEITORAL POLIESTER TRAD DUPLO NR 6 FITA 25', 2, 25.9, 51.8),
  (79, NULL, 'GUIA DE CORDA 6 MM C/ 1 METRO', 6, 7.6, 45.6),
  (79, NULL, 'GUIA DE CORDA 8 MM C/ 1 METRO', 6, 8.5, 51.0),
  (79, NULL, 'GUIA DE CORDA 12MM C/ 40 CM', 2, 10.9, 21.8),
  (79, NULL, 'GUIA DE CORDA 12MM C/ 60 CM', 2, 11.8, 23.6),
  (79, NULL, 'GUIA DE CORDA 12MM X 40 COM AMORT.', 2, 12.9, 25.8),
  (79, NULL, 'GUIA DE CORDA 12MM X 60 COM AMORT.', 2, 13.3, 26.6),
  (79, NULL, 'GUIA DE CORDA 14 MM C/ 40 CM COM AMORT.', 2, 15.3, 30.6),
  (79, NULL, 'GUIA DE CORDA 14 MM C/ 60 CM COM AMORT.', 2, 15.7, 31.4),
  (79, NULL, 'GUIA ENFORCADOR 16 MM X 1,20 C/ ARGOLA', 4, 14.9, 59.6),
  (79, NULL, 'CINTO DE SEGURANÇA PET POLIESTER FITA 25', 10, 11.9, 119.0),
  (79, NULL, 'PEITORAL POLIESTER GATO TAM ÚNICO', 8, 12.9, 103.2),
  (79, NULL, 'COLEIRA POLIESTER DUPLA NR 3 FITA 20', 3, 6.5, 19.5),
  (79, NULL, 'COLEIRA POLIESTER DUPLA NR 4 FITA 20', 4, 7.9, 31.6),
  (79, NULL, 'COLEIRA POLIESTER DUPLA NR 6 FITA 25', 4, 9.5, 38.0);

INSERT INTO orders (id, client_key, order_date, sheet_name, discount_pct, payment_terms, payment_dates, format) VALUES
  (80, 'MULTI AGRO CAMBORIU', '2026-03-02', '02.03.26', NULL, NULL, '13.03.2026', 'new');

INSERT INTO order_items (order_id, product_code, description, qty, unit_price, total) VALUES
  (80, 'O18', 'PEITORAL POLIESTER EM X FITA 15 N. P', 4, 12.9, 51.6),
  (80, 'O23', 'PEITORAL POLIESTER EM X FITA 20 Nº G', 6, 17.5, 105.0),
  (80, 'O24', 'PEITORAL POLIESTER EM X FITA 25 Nº P', 4, 19.9, 79.6),
  (80, 'O25', 'PEITORAL POLIESTER EM X FITA 25 Nº M', 6, 21.9, 131.4),
  (80, 'O26', 'PEITORAL POLIESTER EM X FITA 25 Nº G', 4, 23.5, 94.0),
  (80, 'O33', 'PEITORAL POLIESTER DUPLO FITA 20 Nº 5', 3, 19.9, 59.7),
  (80, '106', 'COLEIRA POLIESTER DUPLA NR 3 FITA 20', 6, 6.5, 39.0),
  (80, '107', 'COLEIRA POLIESTER DUPLA NR 4 FITA 20', 4, 7.9, 31.6),
  (80, '130', 'MANTA PET  (10 + 1)', 20, 14.99, 299.8);

INSERT INTO orders (id, client_key, order_date, sheet_name, discount_pct, payment_terms, payment_dates, format) VALUES
  (81, 'MULTI AGRO CAMBORIU', '2026-03-13', '13.03.26', NULL, NULL, '13.03.26', 'new');

INSERT INTO order_items (order_id, product_code, description, qty, unit_price, total) VALUES
  (81, '120', 'SUETER TAM 00', 15, 6.5, 97.5),
  (81, '121', 'SUETER TAM 0', 10, 6.99, 69.9),
  (81, '122', 'SUETER TAM 02', 15, 7.7, 115.5),
  (81, '123', 'SUETER TAM 04', 10, 8.9, 89.0),
  (81, '124', 'SUETER TAM 06', 24, 9.9, 237.6),
  (81, '125', 'SUETER TAM 08', 36, 12.9, 464.4),
  (81, '126', 'SUETER TAM 10', 36, 13.9, 500.4),
  (81, '127', 'SUETER TAM 12', 36, 15.5, 558.0),
  (81, '128', 'SUETER TAM 14', 24, 16.9, 405.6),
  (81, '129', 'SUETER TAM 16', 18, 17.9, 322.2),
  (81, '130', 'MANTA PET  (10 + 1)', 30, 14.99, 449.7);

INSERT INTO orders (id, client_key, order_date, sheet_name, discount_pct, payment_terms, payment_dates, format) VALUES
  (82, 'MUNDO PET(ITAJAI)', '2025-11-07', '07.11', NULL, NULL, '07.11.25', 'old');

INSERT INTO order_items (order_id, product_code, description, qty, unit_price, total) VALUES
  (82, NULL, 'PEITORAL POLYESTER DESENHOS FITA 15 Nº 2', 10, 12.9, 129.0),
  (82, NULL, 'PEITORAL POLYESTER DESENHOS FITA 15 Nº 3', 10, 12.9, 129.0),
  (82, NULL, 'PEITORAL POLYESTER DESENHOS FITA 15 Nº 4', 10, 12.9, 129.0),
  (82, NULL, 'GUIA DE POLIESTER    C/   1 MT', 6, 6.5, 39.0);

INSERT INTO orders (id, client_key, order_date, sheet_name, discount_pct, payment_terms, payment_dates, format) VALUES
  (83, 'MUNDO PET(ITAJAI)', '2026-02-10', '03.02.26', NULL, NULL, '10.02.26', 'old');

INSERT INTO order_items (order_id, product_code, description, qty, unit_price, total) VALUES
  (83, NULL, 'PEITORAL POLYESTER DESENHOS FITA 15 Nº 0', 8, 12.9, 103.2),
  (83, NULL, 'PEITORAL POLYESTER DESENHOS FITA 15 Nº 1', 10, 12.9, 129.0),
  (83, NULL, 'PEITORAL POLYESTER DESENHOS FITA 15 Nº 2', 5, 12.9, 64.5),
  (83, NULL, 'PEITORAL POLIESTER EM X(AMER) FITA 20 Nº P', 3, 16.5, 49.5),
  (83, NULL, 'PEITORAL POLIESTER EM X(AMER) FITA 20 Nº M', 3, 16.9, 50.7),
  (83, NULL, 'PEITORAL POLIESTER EM X(AMER) FITA 20 Nº G', 3, 17.5, 52.5),
  (83, NULL, 'PEITORAL POLIESTER EM X(AMER) FITA 25 Nº P', 2, 19.9, 39.8),
  (83, NULL, 'PEITORAL POLIESTER EM X(AMER) FITA 25 Nº M', 2, 21.9, 43.8),
  (83, NULL, 'PEITORAL DE NYLON NEOPRENE TAM M', 1, 39.9, 39.9),
  (83, NULL, 'PEITORAL DE NYLON NEOPRENE TAM G', 1, 42.9, 42.9),
  (83, NULL, 'PEITORAL POLIESTER GATO TAM ÚNICO', 3, 12.9, 38.7),
  (83, NULL, 'PIPI DOG GRANDE', 3, 16.99, 50.97);

INSERT INTO orders (id, client_key, order_date, sheet_name, discount_pct, payment_terms, payment_dates, format) VALUES
  (84, 'MUNDO PET(ITAJAI)', 'Plan1', 'Plan1', NULL, 'PRAZO 30-45', '06.04.2026', 'new');

INSERT INTO order_items (order_id, product_code, description, qty, unit_price, total) VALUES
  (84, 'O36', 'GUIA DE CORDA 8 MM C/ 1 MT C/MOSQ.', 2, 7.6, 15.2),
  (84, 'O39', 'GUIA DE CORDA 16 MM C/ 40 CM', 5, 13.5, 67.5),
  (84, 'O40', 'GUIA DE CORDA 16 MM C/ 60 CM', 2, 14.4, 28.8),
  (84, 'O41', 'GUIA DE CORDA 16 MM C/ 1 MT', 1, 16.1, 16.1),
  (84, 'O42', 'GUIA DE CORDA 16 MM  C/40 CM C/ MOLA', 3, 15.8, 47.4),
  (84, 'O43', 'GUIA DE CORDA 16 MM C/ 60 CM C/ MOLA', 2, 16.6, 33.2),
  (84, 'O44', 'GUIA DE CORDA 16 MM C/ 1 MT  C/ MOLA', 1, 18.3, 18.3),
  (84, 'O45', 'GUIA ENFORCADOR 16 MM X 40 CM C/MOLA', 4, 24.9, 99.6),
  (84, 'O46', 'GUIA ENFORCADOR 16 MM X 60 CM C/MOLA', 2, 26.9, 53.8),
  (84, 'O47', 'GUIA ENFORCADOR 16 MM X 1,20 C/ ARGOLA', 2, 14.5, 29.0);

INSERT INTO orders (id, client_key, order_date, sheet_name, discount_pct, payment_terms, payment_dates, format) VALUES
  (85, 'NP 2', '2025-10-15', '08.10', NULL, NULL, '15.10.2025', 'old');

INSERT INTO order_items (order_id, product_code, description, qty, unit_price, total) VALUES
  (85, NULL, 'PEITORAL DE NY TUBOLAR FITA 15 Nº 00', 2, 9.6, 19.2),
  (85, NULL, 'PEITORAL DE NY TUBOLAR FITA 15 Nº 0', 2, 9.6, 19.2),
  (85, NULL, 'PEITORAL DE NY TUBOLAR FITA 15 Nº 1', 3, 9.6, 28.8),
  (85, NULL, 'PEITORAL DE NY TUBOLAR FITA 15 Nº 2', 3, 9.6, 28.8),
  (85, NULL, 'PEITORAL POLYESTER DESENHOS FITA 15 Nº 00', 2, 12.9, 25.8),
  (85, NULL, 'PEITORAL POLYESTER DESENHOS FITA 15 Nº 0', 1, 12.9, 12.9),
  (85, NULL, 'PEITORAL POLYESTER DESENHOS FITA 15 Nº 2', 2, 12.9, 25.8),
  (85, NULL, 'PEITORAL POLYESTER DESENHOS FITA 15 Nº 3', 1, 12.9, 12.9),
  (85, NULL, 'PEITORAL NYLON  EM X(AMER) FITA 20  Nº M', 2, 12.5, 25.0),
  (85, NULL, 'PEITORAL NYLON  EM X(AMER) FITA 25  Nº G', 4, 21.5, 86.0),
  (85, NULL, 'PEITORAL POLIESTER EM X(AMER) FITA 20 Nº P', 1, 16.5, 16.5),
  (85, NULL, 'PEITORAL POLIESTER EM X(AMER) FITA 20 Nº M', 3, 16.9, 50.7),
  (85, NULL, 'PEITORAL POLIESTER EM X(AMER) FITA 20 Nº G', 3, 17.5, 52.5),
  (85, NULL, 'PEITORAL POLIESTER EM X(AMER) FITA 25 Nº P', 3, 19.9, 59.7),
  (85, NULL, 'PEITORAL POLIESTER EM X(AMER) FITA 25 Nº M', 3, 21.9, 65.7),
  (85, NULL, 'PEITORAL POLIESTER EM X(AMER) FITA 25 Nº G', 2, 23.5, 47.0),
  (85, NULL, 'PEITORAL NYLON TRAD. DUPLO FITA 40 Nº GG', 1, 38.9, 39.9),
  (85, NULL, 'PEITORAL POLIESTER TRAD DUPLO NR 4 FITA 20', 3, 18.9, 56.7),
  (85, NULL, 'PEITORAL POLIESTER TRAD DUPLO NR 5 FITA 20', 2, 19.9, 39.8),
  (85, NULL, 'PEITORAL POLIESTER TRAD DUPLO NR 6 FITA 25', 4, 25.9, 103.6),
  (85, NULL, 'GUIA DE CORDA 8 MM C/ 1 METRO', 2, 8.5, 17.0),
  (85, NULL, 'GUIA DE CORDA 16 MM C/ 60 CM', 2, 14.4, 28.8),
  (85, NULL, 'GUIA DE CORDA 16 MM C/ 1 MT', 1, 16.1, 16.1),
  (85, NULL, 'GUIA DE CORDA 16 MM C/ 1 MT  COM MOLA', 1, 18.3, 18.3),
  (85, NULL, 'GUIA ENFORCADOR 16 MM X 40 CM C/MOLA', 1, 24.9, 24.9),
  (85, NULL, 'GUIA ENFORCADOR 16 MM X 60 CM C/MOLA', 1, 26.9, 26.9),
  (85, NULL, 'GUIA ENFORCADOR 16 MM X 1,20 C/ ARGOLA', 2, 14.9, 29.8),
  (85, NULL, 'COLEIRA REGUL POLIESTER FITA 25 TAM G', 3, 8.9, 26.7),
  (85, NULL, 'GUIA DE NYLON TUBOLAR   C/   1 MT', 4, 4.5, 18.0),
  (85, NULL, 'GUIA DE POLIESTER DUPLA   C/   1 MT', 1, 14.9, 14.9),
  (85, NULL, 'GUIA DE POLIESTER DUPLA   C/   60 CM', 1, 13.9, 13.9),
  (85, NULL, 'COL. COURO NATURAL Nº1', 3, 2.4, 7.2),
  (85, NULL, 'COL. COURO NATURAL Nº2', 4, 2.8, 11.2),
  (85, NULL, 'COL. COURO NATURAL Nº3', 3, 4.35, 13.05),
  (85, NULL, 'COL. COURO NATURAL Nº4', 4, 6.0, 24.0),
  (85, NULL, 'COL. COURO NATURAL Nº5', 4, 6.2, 24.8),
  (85, NULL, 'COL. COURO NATURAL Nº6', 4, 7.6, 30.4),
  (85, NULL, 'COL. COURO NATURAL Nº7', 3, 9.9, 29.7),
  (85, NULL, 'COL. COURO NATURAL Nº8', 4, 12.2, 48.8),
  (85, NULL, 'COL. COURO PINTADA Nº1', 3, 3.0, 9.0),
  (85, NULL, 'COL. COURO PINTADA Nº2', 3, 3.9, 11.7),
  (85, NULL, 'COL. COURO PINTADA Nº4', 4, 6.65, 26.6),
  (85, NULL, 'COL. COURO PINTADA Nº5', 3, 8.7, 26.1),
  (85, NULL, 'COL. COURO PINTADA Nº6', 1, 11.0, 11.0),
  (85, NULL, 'COL. COURO PINTADA Nº7', 3, 13.6, 40.8),
  (85, NULL, 'COL. COURO PINTADA Nº9', 3, 16.9, 50.7),
  (85, NULL, 'COLEIRA DE NYLON DUPLA COSTURADA Nº 4', 3, 7.0, 21.0),
  (85, NULL, 'COLEIRA DE NYLON DUPLA COSTURADA Nº 5', 3, 7.5, 22.5),
  (85, NULL, 'COLEIRA DE NYLON DUPLA COSTURADA Nº 6', 3, 7.6, 22.8),
  (85, NULL, 'COLEIRA DE NYLON DUPLA COSTURADA Nº 7', 4, 8.9, 35.6),
  (85, NULL, 'COLEIRA DE NYLON DUPLA COSTURADA Nº 9', 4, 9.5, 38.0),
  (85, NULL, 'COLEIRA DE NYLON DUPLA COSTURADA Nº 10', 3, 12.0, 36.0),
  (85, NULL, 'COLEIRA POLIESTER DUPLA NR 3 FITA 20', 1, 6.5, 6.5),
  (85, NULL, 'COLEIRA POLIESTER DUPLA NR 4 FITA 20', 3, 7.9, 23.7),
  (85, NULL, 'COLEIRA POLIESTER DUPLA NR 5 FITA 25', 4, 8.5, 34.0),
  (85, NULL, 'COLEIRA POLIESTER DUPLA NR 6 FITA 25', 1, 9.5, 9.5);

INSERT INTO orders (id, client_key, order_date, sheet_name, discount_pct, payment_terms, payment_dates, format) VALUES
  (86, 'NP', '2025-10-15', '08.10', NULL, NULL, '15.10.2025', 'old');

INSERT INTO order_items (order_id, product_code, description, qty, unit_price, total) VALUES
  (86, NULL, 'PEITORAL DE NY TUBOLAR FITA 15 Nº 00', 2, 9.6, 19.2),
  (86, NULL, 'PEITORAL DE NY TUBOLAR FITA 15 Nº 0', 2, 9.6, 19.2),
  (86, NULL, 'PEITORAL DE NY TUBOLAR FITA 15 Nº 1', 3, 9.6, 28.8),
  (86, NULL, 'PEITORAL DE NY TUBOLAR FITA 15 Nº 2', 3, 9.6, 28.8),
  (86, NULL, 'PEITORAL POLYESTER DESENHOS FITA 15 Nº 00', 2, 12.9, 25.8),
  (86, NULL, 'PEITORAL POLYESTER DESENHOS FITA 15 Nº 0', 1, 12.9, 12.9),
  (86, NULL, 'PEITORAL POLYESTER DESENHOS FITA 15 Nº 2', 2, 12.9, 25.8),
  (86, NULL, 'PEITORAL POLYESTER DESENHOS FITA 15 Nº 3', 1, 12.9, 12.9),
  (86, NULL, 'PEITORAL NYLON  EM X(AMER) FITA 20  Nº M', 2, 12.5, 25.0),
  (86, NULL, 'PEITORAL NYLON  EM X(AMER) FITA 25  Nº G', 4, 21.5, 86.0),
  (86, NULL, 'PEITORAL POLIESTER EM X(AMER) FITA 20 Nº P', 1, 16.5, 16.5),
  (86, NULL, 'PEITORAL POLIESTER EM X(AMER) FITA 20 Nº M', 3, 16.9, 50.7),
  (86, NULL, 'PEITORAL POLIESTER EM X(AMER) FITA 20 Nº G', 3, 17.5, 52.5),
  (86, NULL, 'PEITORAL POLIESTER EM X(AMER) FITA 25 Nº P', 3, 19.9, 59.7),
  (86, NULL, 'PEITORAL POLIESTER EM X(AMER) FITA 25 Nº M', 3, 21.9, 65.7),
  (86, NULL, 'PEITORAL POLIESTER EM X(AMER) FITA 25 Nº G', 2, 23.5, 47.0),
  (86, NULL, 'PEITORAL NYLON TRAD. DUPLO FITA 40 Nº GG', 1, 38.9, 39.9),
  (86, NULL, 'PEITORAL POLIESTER TRAD DUPLO NR 4 FITA 20', 3, 18.9, 56.7),
  (86, NULL, 'PEITORAL POLIESTER TRAD DUPLO NR 5 FITA 20', 2, 19.9, 39.8),
  (86, NULL, 'PEITORAL POLIESTER TRAD DUPLO NR 6 FITA 25', 4, 25.9, 103.6),
  (86, NULL, 'GUIA DE CORDA 8 MM C/ 1 METRO', 2, 8.5, 17.0),
  (86, NULL, 'GUIA DE CORDA 16 MM C/ 60 CM', 2, 14.4, 28.8),
  (86, NULL, 'GUIA DE CORDA 16 MM C/ 1 MT', 1, 16.1, 16.1),
  (86, NULL, 'GUIA DE CORDA 16 MM C/ 1 MT  COM MOLA', 1, 18.3, 18.3),
  (86, NULL, 'GUIA ENFORCADOR 16 MM X 40 CM C/MOLA', 1, 24.9, 24.9),
  (86, NULL, 'GUIA ENFORCADOR 16 MM X 60 CM C/MOLA', 1, 26.9, 26.9),
  (86, NULL, 'GUIA ENFORCADOR 16 MM X 1,20 C/ ARGOLA', 2, 14.9, 29.8),
  (86, NULL, 'COLEIRA REGUL POLIESTER FITA 25 TAM G', 3, 8.9, 26.7),
  (86, NULL, 'GUIA DE NYLON TUBOLAR   C/   1 MT', 4, 4.5, 18.0),
  (86, NULL, 'GUIA DE POLIESTER DUPLA   C/   1 MT', 1, 14.9, 14.9),
  (86, NULL, 'GUIA DE POLIESTER DUPLA   C/   60 CM', 1, 13.9, 13.9),
  (86, NULL, 'COL. COURO NATURAL Nº1', 3, 2.4, 7.2),
  (86, NULL, 'COL. COURO NATURAL Nº2', 4, 2.8, 11.2),
  (86, NULL, 'COL. COURO NATURAL Nº3', 3, 4.35, 13.05),
  (86, NULL, 'COL. COURO NATURAL Nº4', 4, 6.0, 24.0),
  (86, NULL, 'COL. COURO NATURAL Nº5', 4, 6.2, 24.8),
  (86, NULL, 'COL. COURO NATURAL Nº6', 4, 7.6, 30.4),
  (86, NULL, 'COL. COURO NATURAL Nº7', 3, 9.9, 29.7),
  (86, NULL, 'COL. COURO NATURAL Nº8', 4, 12.2, 48.8),
  (86, NULL, 'COL. COURO PINTADA Nº1', 3, 3.0, 9.0),
  (86, NULL, 'COL. COURO PINTADA Nº2', 3, 3.9, 11.7),
  (86, NULL, 'COL. COURO PINTADA Nº4', 4, 6.65, 26.6),
  (86, NULL, 'COL. COURO PINTADA Nº5', 3, 8.7, 26.1),
  (86, NULL, 'COL. COURO PINTADA Nº6', 1, 11.0, 11.0),
  (86, NULL, 'COL. COURO PINTADA Nº7', 3, 13.6, 40.8),
  (86, NULL, 'COL. COURO PINTADA Nº9', 3, 16.9, 50.7),
  (86, NULL, 'COLEIRA DE NYLON DUPLA COSTURADA Nº 4', 3, 7.0, 21.0),
  (86, NULL, 'COLEIRA DE NYLON DUPLA COSTURADA Nº 5', 3, 7.5, 22.5),
  (86, NULL, 'COLEIRA DE NYLON DUPLA COSTURADA Nº 6', 3, 7.6, 22.8),
  (86, NULL, 'COLEIRA DE NYLON DUPLA COSTURADA Nº 7', 4, 8.9, 35.6),
  (86, NULL, 'COLEIRA DE NYLON DUPLA COSTURADA Nº 9', 4, 9.5, 38.0),
  (86, NULL, 'COLEIRA DE NYLON DUPLA COSTURADA Nº 10', 3, 12.0, 36.0),
  (86, NULL, 'COLEIRA POLIESTER DUPLA NR 3 FITA 20', 1, 6.5, 6.5),
  (86, NULL, 'COLEIRA POLIESTER DUPLA NR 4 FITA 20', 3, 7.9, 23.7),
  (86, NULL, 'COLEIRA POLIESTER DUPLA NR 5 FITA 25', 4, 8.5, 34.0),
  (86, NULL, 'COLEIRA POLIESTER DUPLA NR 6 FITA 25', 1, 9.5, 9.5);

INSERT INTO orders (id, client_key, order_date, sheet_name, discount_pct, payment_terms, payment_dates, format) VALUES
  (87, 'NUNES CAMBORIU', '2025-10-23', '23.10', NULL, NULL, '23.10.25', 'old');

INSERT INTO order_items (order_id, product_code, description, qty, unit_price, total) VALUES
  (87, NULL, 'PEITORAL DE NY TUBOLAR FITA 15 Nº 00', 2, 9.6, 19.2),
  (87, NULL, 'PEITORAL DE NY TUBOLAR FITA 15 Nº 0', 2, 9.6, 19.2),
  (87, NULL, 'PEITORAL DE NY TUBOLAR FITA 15 Nº 1', 2, 9.6, 19.2),
  (87, NULL, 'PEITORAL DE NY TUBOLAR FITA 15 Nº 2', 2, 9.6, 19.2),
  (87, NULL, 'PEITORAL DE NY TUBOLAR FITA 15 Nº 3', 2, 9.6, 19.2),
  (87, NULL, 'PEITORAL DE NY TUBOLAR FITA 15 Nº 4', 2, 9.6, 19.2),
  (87, NULL, 'PEITORAL POLYESTER DESENHOS FITA 15 Nº 0', 2, 12.9, 25.8),
  (87, NULL, 'PEITORAL POLYESTER DESENHOS FITA 15 Nº 1', 2, 12.9, 25.8),
  (87, NULL, 'PEITORAL POLYESTER DESENHOS FITA 15 Nº 2', 2, 12.9, 25.8),
  (87, NULL, 'PEITORAL POLYESTER DESENHOS FITA 15 Nº 3', 2, 12.9, 25.8),
  (87, NULL, 'PEITORAL POLYESTER DESENHOS FITA 15 Nº 4', 2, 12.9, 25.8),
  (87, NULL, 'PEITORAL NYLON   EM X(AMER)  FITA 15  NºP', 2, 10.5, 21.0),
  (87, NULL, 'PEITORAL NYLON  EM X(AMER) FITA 20  Nº M', 2, 12.5, 25.0),
  (87, NULL, 'PEITORAL NYLON  EM X(AMER) FITA 25  Nº G', 2, 21.5, 43.0),
  (87, NULL, 'PEITORAL POLIESTER EM X(AMER) FITA 15 N. P', 2, 12.9, 25.8),
  (87, NULL, 'PEITORAL POLIESTER EM X(AMER) FITA 20 Nº M', 2, 16.9, 33.8),
  (87, NULL, 'PEITORAL POLIESTER EM X(AMER) FITA 25 Nº G', 2, 23.5, 47.0),
  (87, NULL, 'PEITORAL NYLON TRAD. DUPLO FITA 40 Nº M', 1, 34.9, 34.9),
  (87, NULL, 'PEITORAL NYLON TRAD. DUPLO FITA 40 Nº G', 1, 36.9, 36.9),
  (87, NULL, 'PEITORAL NYLON TRAD. DUPLO FITA 40 Nº GG', 1, 38.9, 38.9),
  (87, NULL, 'PEITORAL POLIESTER TRAD DUPLO NR 4 FITA 20', 2, 18.9, 37.8),
  (87, NULL, 'PEITORAL POLIESTER TRAD DUPLO NR 5 FITA 20', 2, 19.9, 39.8),
  (87, NULL, 'PEITORAL POLIESTER TRAD DUPLO NR 6 FITA 25', 2, 25.9, 51.8),
  (87, NULL, 'GUIA ENFORCADOR 16 MM X 1,20 C/ ARGOLA', 1, 14.9, 14.9),
  (87, NULL, 'COL. COURO PINTADA Nº1', 2, 3.0, 6.0),
  (87, NULL, 'COL. COURO PINTADA Nº2', 2, 3.9, 7.8),
  (87, NULL, 'COL. COURO PINTADA Nº3', 2, 6.0, 12.0),
  (87, NULL, 'COL. COURO PINTADA Nº4', 2, 6.65, 13.3),
  (87, NULL, 'COL. COURO PINTADA Nº5', 2, 8.7, 17.4),
  (87, NULL, 'COL. COURO PINTADA Nº6', 2, 11.0, 22.0),
  (87, NULL, 'COL. COURO PINTADA Nº7', 2, 13.6, 27.2),
  (87, NULL, 'COL. COURO PINTADA Nº8', 2, 14.8, 29.6),
  (87, NULL, 'COLEIRA POLIESTER DUPLA NR 3 FITA 20', 3, 6.5, 19.5),
  (87, NULL, 'COLEIRA POLIESTER DUPLA NR 4 FITA 20', 3, 7.9, 23.7),
  (87, NULL, 'COLEIRA POLIESTER DUPLA NR 5 FITA 25', 3, 8.5, 25.5),
  (87, NULL, 'COLEIRA POLIESTER DUPLA NR 6 FITA 25', 3, 9.5, 28.5),
  (87, NULL, 'COLEIRA POLIESTER DUPLA NR 7 FITA 30', 2, 14.5, 29.0);

INSERT INTO orders (id, client_key, order_date, sheet_name, discount_pct, payment_terms, payment_dates, format) VALUES
  (88, 'PAIVA', '2025-12-10', '10.12', NULL, NULL, '10.12.25', 'old');

INSERT INTO order_items (order_id, product_code, description, qty, unit_price, total) VALUES
  (88, NULL, 'PEITORAL DE NY TUBOLAR FITA 15 Nº 00', 1, 9.6, 9.6),
  (88, NULL, 'PEITORAL DE NY TUBOLAR FITA 15 Nº 0', 2, 9.6, 19.2),
  (88, NULL, 'PEITORAL DE NY TUBOLAR FITA 15 Nº 1', 6, 9.6, 57.6),
  (88, NULL, 'PEITORAL DE NY TUBOLAR FITA 15 Nº 2', 2, 9.6, 19.2),
  (88, NULL, 'PEITORAL DE NY TUBOLAR FITA 15 Nº 3', 3, 9.6, 28.8),
  (88, NULL, 'PEITORAL DE NY TUBOLAR FITA 15 Nº 4', 3, 9.6, 28.8),
  (88, NULL, 'GUIA DE CORDA 8 MM C/ 1 METRO', 2, 8.5, 17.0),
  (88, NULL, 'GUIA ENFORCADOR 16 MM X 60 CM C/MOLA', 1, 26.9, 26.9),
  (88, NULL, 'GUIA ENFORCADOR 16 MM X 1,20 C/ ARGOLA', 1, 14.9, 14.9),
  (88, NULL, 'COLEIRA POLIESTER DUPLA NR 7 FITA 30', 4, 14.5, 58.0);

INSERT INTO orders (id, client_key, order_date, sheet_name, discount_pct, payment_terms, payment_dates, format) VALUES
  (89, 'PAIVA', '2026-02-25', '25.02.26', NULL, NULL, '03.03.2026', 'new');

INSERT INTO order_items (order_id, product_code, description, qty, unit_price, total) VALUES
  (89, 'OO2', 'PEITORAL DE NY TUBOLAR FITA 15 Nº 0', 3, 9.9, 29.7),
  (89, 'OO4', 'PEITORAL DE NY TUBOLAR FITA 15 Nº 2', 5, 9.9, 49.5),
  (89, 'OO5', 'PEITORAL DE NY TUBOLAR FITA 15 Nº 3', 5, 9.9, 49.5),
  (89, 'O12', 'PEITORAL POLYESTER  FITA 15 Nº 2', 1, 12.9, 12.9),
  (89, 'O13', 'PEITORAL POLYESTER  FITA 15 Nº 3', 1, 12.9, 12.9),
  (89, '106', 'COLEIRA POLIESTER DUPLA NR 3 FITA 20', 5, 6.5, 32.5),
  (89, '107', 'COLEIRA POLIESTER DUPLA NR 4 FITA 20', 5, 7.9, 39.5),
  (89, '108', 'COLEIRA POLIESTER DUPLA NR 5 FITA 25', 5, 8.5, 42.5),
  (89, '109', 'COLEIRA POLIESTER DUPLA NR 6 FITA 25', 4, 9.5, 38.0);

INSERT INTO orders (id, client_key, order_date, sheet_name, discount_pct, payment_terms, payment_dates, format) VALUES
  (90, 'PAULINIA(CAMBORIU)', '2025-10-06', '06.10', NULL, NULL, '06.10.25', 'old');

INSERT INTO order_items (order_id, product_code, description, qty, unit_price, total) VALUES
  (90, NULL, 'PEITORAL DE NY TUBOLAR FITA 15 Nº 0', 6, 9.6, 57.6),
  (90, NULL, 'PEITORAL DE NY TUBOLAR FITA 15 Nº 1', 6, 9.6, 57.6),
  (90, NULL, 'PEITORAL DE NY TUBOLAR FITA 15 Nº 2', 6, 9.6, 57.6),
  (90, NULL, 'PEITORAL DE NY TUBOLAR FITA 15 Nº 3', 6, 9.6, 57.6),
  (90, NULL, 'PEITORAL DE NY TUBOLAR FITA 15 Nº 4', 6, 9.6, 57.6),
  (90, NULL, 'PEITORAL POLYESTER DESENHOS FITA 15 Nº 0', 4, 12.9, 51.6),
  (90, NULL, 'PEITORAL POLYESTER DESENHOS FITA 15 Nº 1', 4, 12.9, 51.6),
  (90, NULL, 'PEITORAL POLYESTER DESENHOS FITA 15 Nº 2', 4, 12.9, 51.6),
  (90, NULL, 'PEITORAL POLYESTER DESENHOS FITA 15 Nº 3', 4, 12.9, 51.6),
  (90, NULL, 'PEITORAL NYLON  EM X(AMER) FITA 20  Nº M', 6, 12.5, 75.0),
  (90, NULL, 'PEITORAL POLIESTER EM X(AMER) FITA 15 N. P', 4, 12.9, 51.6),
  (90, NULL, 'PEITORAL POLIESTER EM X(AMER) FITA 15 Nº M', 4, 13.6, 54.4),
  (90, NULL, 'PEITORAL POLIESTER EM X(AMER) FITA 15 Nº G', 4, 13.9, 55.6),
  (90, NULL, 'PEITORAL POLIESTER EM X(AMER) FITA 20 Nº P', 4, 16.5, 66.0),
  (90, NULL, 'PEITORAL POLIESTER EM X(AMER) FITA 20 Nº M', 4, 16.9, 67.6),
  (90, NULL, 'PEITORAL POLIESTER EM X(AMER) FITA 20 Nº G', 3, 17.5, 52.5),
  (90, NULL, 'PEITORAL POLIESTER EM X(AMER) FITA 25 Nº P', 4, 19.9, 79.6),
  (90, NULL, 'PEITORAL POLIESTER EM X(AMER) FITA 25 Nº M', 4, 21.9, 87.6),
  (90, NULL, 'PEITORAL POLIESTER EM X(AMER) FITA 25 Nº G', 4, 23.5, 94.0),
  (90, NULL, 'PEITORAL NYLON TRAD. DUPLO FITA 40 Nº M', 1, 34.9, 34.9),
  (90, NULL, 'PEITORAL NYLON TRAD. DUPLO FITA 40 Nº G', 1, 36.9, 36.9),
  (90, NULL, 'PEITORAL POLIESTER TRAD DUPLO NR 4 FITA 20', 2, 18.9, 37.8),
  (90, NULL, 'PEITORAL POLIESTER TRAD DUPLO NR 5 FITA 20', 2, 19.9, 39.8),
  (90, NULL, 'PEITORAL POLIESTER TRAD DUPLO NR 6 FITA 25', 2, 23.9, 47.8),
  (90, NULL, 'GUIA DE CORDA 16 MM C/ 40 CM', 3, 13.5, 40.5),
  (90, NULL, 'GUIA DE CORDA 16 MM C/ 60 CM', 3, 14.4, 43.2),
  (90, NULL, 'GUIA DE CORDA 16 MM C/ 1 MT', 3, 16.1, 48.3),
  (90, NULL, 'GUIA DE CORDA 16 MM  C/40 CM COM MOLA', 2, 15.8, 31.6),
  (90, NULL, 'GUIA DE CORDA 16 MM C/ 60 CM COM MOLA', 2, 16.6, 33.2),
  (90, NULL, 'GUIA DE CORDA 16 MM C/ 1 MT  COM MOLA', 2, 18.3, 36.6),
  (90, NULL, 'COL. COURO PINTADA Nº1', 4, 3.0, 12.0),
  (90, NULL, 'COL. COURO PINTADA Nº2', 4, 3.9, 15.6),
  (90, NULL, 'COL. COURO PINTADA Nº3', 4, 6.0, 24.0),
  (90, NULL, 'COL. COURO PINTADA Nº4', 4, 6.65, 26.6),
  (90, NULL, 'COL. COURO PINTADA Nº5', 4, 8.7, 34.8),
  (90, NULL, 'COL. COURO PINTADA Nº6', 4, 11.0, 44.0);

INSERT INTO orders (id, client_key, order_date, sheet_name, discount_pct, payment_terms, payment_dates, format) VALUES
  (91, 'PAULINIA(CAMBORIU)', '2026-01-26', '14.01.26', NULL, NULL, '26.01.2026', 'old');

INSERT INTO order_items (order_id, product_code, description, qty, unit_price, total) VALUES
  (91, NULL, 'PEITORAL POLYESTER DESENHOS FITA 15 Nº 0', 5, 12.9, 64.5),
  (91, NULL, 'PEITORAL POLYESTER DESENHOS FITA 15 Nº 1', 5, 12.9, 64.5),
  (91, NULL, 'PEITORAL POLYESTER DESENHOS FITA 15 Nº 2', 5, 12.9, 64.5),
  (91, NULL, 'PEITORAL POLYESTER DESENHOS FITA 15 Nº 3', 1, 12.9, 12.9),
  (91, NULL, 'PEITORAL POLYESTER DESENHOS FITA 15 Nº 4', 2, 12.9, 25.8),
  (91, NULL, 'PEITORAL POLIESTER EM X(AMER) FITA 15 N. P', 2, 12.9, 25.8),
  (91, NULL, 'PEITORAL POLIESTER EM X(AMER) FITA 15 Nº M', 3, 13.6, 40.8),
  (91, NULL, 'PEITORAL NYLON TRAD. DUPLO FITA 40 Nº M', 2, 34.9, 69.8),
  (91, NULL, 'PEITORAL NYLON TRAD. DUPLO FITA 40 Nº G', 2, 36.9, 73.8),
  (91, NULL, 'PEITORAL NYLON TRAD. DUPLO FITA 40 Nº GG', 2, 38.9, 77.8),
  (91, NULL, 'PEITORAL POLIESTER TRAD DUPLO NR 4 FITA 20', 3, 18.9, 56.7),
  (91, NULL, 'PEITORAL POLIESTER TRAD DUPLO NR 5 FITA 20', 3, 19.9, 59.7),
  (91, NULL, 'PEITORAL POLIESTER TRAD DUPLO NR 6 FITA 25', 2, 23.9, 47.8),
  (91, NULL, 'GUIA ENFORCADOR 16 MM X 60 CM C/MOLA', 1, 24.9, 24.9),
  (91, NULL, 'GUIA ENFORCADOR 16 MM X 1 M C/MOLA', 1, 26.9, 26.9),
  (91, NULL, 'GUIA DE NYLON TUBOLAR   C/   1 MT', 4, 4.5, 18.0),
  (91, NULL, 'GUIA DE POLIESTER    C/   1 MT', 4, 6.9, 27.6),
  (91, NULL, 'GUIA DE POLIESTER DUPLA   C/   60 CM', 2, 12.9, 25.8),
  (91, NULL, 'GUIA DE POLIESTER DUPLA   C/   1 MT', 2, 14.9, 29.8),
  (91, NULL, 'CINTO DE SEGURANÇA PET FITA 25', 4, 10.5, 42.0),
  (91, NULL, 'PEITORAL POLIESTER GATO TAM ÚNICO', 2, 12.9, 25.8),
  (91, NULL, 'COLEIRA POLIESTER DUPLA NR 3 FITA 20', 6, 6.5, 39.0),
  (91, NULL, 'COLEIRA POLIESTER DUPLA NR 4 FITA 20', 6, 7.9, 47.4),
  (91, NULL, 'COLEIRA POLIESTER DUPLA NR 5 FITA 25', 6, 8.5, 51.0),
  (91, NULL, 'COLEIRA POLIESTER DUPLA NR 6 FITA 25', 6, 9.5, 57.0),
  (91, NULL, 'COLEIRA POLIESTER DUPLA NR 7 FITA 30', 6, 14.5, 87.0);

INSERT INTO orders (id, client_key, order_date, sheet_name, discount_pct, payment_terms, payment_dates, format) VALUES
  (92, 'PAULINIA(CAMBORIU)', '2026-03-02', '02.03.26', NULL, NULL, '02.03.26', 'new');

INSERT INTO order_items (order_id, product_code, description, qty, unit_price, total) VALUES
  (92, '120', 'SUETER TAM 00', 15, 6.5, 97.5),
  (92, '121', 'SUETER TAM 0', 10, 6.99, 69.9),
  (92, '122', 'SUETER TAM 02', 10, 7.7, 77.0),
  (92, '123', 'SUETER TAM 04', 20, 8.9, 178.0),
  (92, '124', 'SUETER TAM 06', 15, 9.9, 148.5),
  (92, '125', 'SUETER TAM 08', 20, 12.9, 258.0),
  (92, '126', 'SUETER TAM 10', 5, 13.9, 69.5),
  (92, '127', 'SUETER TAM 12', 3, 15.5, 46.5),
  (92, '128', 'SUETER TAM 14', 3, 16.9, 50.7),
  (92, '129', 'SUETER TAM 16', 4, 17.9, 71.6),
  (92, '130', 'MANTA PET ( 10 + 1)', 10, 14.99, 149.9);

INSERT INTO orders (id, client_key, order_date, sheet_name, discount_pct, payment_terms, payment_dates, format) VALUES
  (93, 'PAULISTA', '2025-10-13', '13.10', NULL, NULL, '13.10.25', 'old');

INSERT INTO order_items (order_id, product_code, description, qty, unit_price, total) VALUES
  (93, NULL, 'PEITORAL DE NY TUBOLAR FITA 15 Nº 1', 4, 9.6, 38.4),
  (93, NULL, 'PEITORAL DE NY TUBOLAR FITA 15 Nº 4', 2, 9.6, 19.2),
  (93, NULL, 'PEITORAL NYLON  EM X(AMER) FITA 20  Nº M', 2, 12.5, 25.0),
  (93, NULL, 'PEITORAL NYLON  EM X(AMER) FITA 25  Nº G', 1, 21.5, 21.5),
  (93, NULL, 'PEITORAL NYLON TRAD. DUPLO FITA 40 Nº M', 1, 34.9, 34.9),
  (93, NULL, 'PEITORAL NYLON TRAD. DUPLO FITA 40 Nº GG', 1, 39.9, 39.9),
  (93, NULL, 'PEITORAL POLIESTER TRAD DUPLO NR 4 FITA 20', 1, 18.9, 18.9),
  (93, NULL, 'PEITORAL POLIESTER TRAD DUPLO NR 5 FITA 20', 1, 19.9, 19.9),
  (93, NULL, 'PEITORAL POLIESTER TRAD DUPLO NR 6 FITA 25', 2, 25.9, 51.8),
  (93, NULL, 'GUIA DE CORDA 8 MM C/ 1 METRO', 1, 8.5, 8.5),
  (93, NULL, 'GUIA DE CORDA 16 MM C/ 40 CM', 1, 13.5, 13.5),
  (93, NULL, 'GUIA DE CORDA 16 MM C/ 60 CM COM MOLA', 1, 16.6, 16.6),
  (93, NULL, 'GUIA DE NYLON TUBOLAR   C/   1 MT', 4, 4.9, 19.6),
  (93, NULL, 'COL. COURO NATURAL Nº7', 4, 13.6, 54.4),
  (93, NULL, 'COL. COURO PINTADO Nº9', 4, 17.9, 71.6),
  (93, NULL, 'COLEIRA NYLON  TUBOLAR FITA 15 MM Nº 2', 3, 3.5, 10.5),
  (93, NULL, 'COLEIRA POLIESTER DUPLA NR 3 FITA 20', 1, 6.5, 6.5),
  (93, NULL, 'COLEIRA POLIESTER DUPLA NR 5 FITA 25', 2, 8.5, 17.0),
  (93, NULL, 'COLEIRA POLIESTER DUPLA NR 6 FITA 25', 3, 9.5, 28.5);

INSERT INTO orders (id, client_key, order_date, sheet_name, discount_pct, payment_terms, payment_dates, format) VALUES
  (94, 'PAULISTA', '2025-12-15', '05.12.25', NULL, NULL, '15.12.25', 'old');

INSERT INTO order_items (order_id, product_code, description, qty, unit_price, total) VALUES
  (94, NULL, 'PEITORAL DE NY TUBOLAR FITA 15 Nº 00', 4, 9.6, 38.4),
  (94, NULL, 'PEITORAL DE NY TUBOLAR FITA 15 Nº 0', 2, 9.6, 19.2),
  (94, NULL, 'PEITORAL DE NY TUBOLAR FITA 15 Nº 1', 3, 9.6, 28.8),
  (94, NULL, 'PEITORAL DE NY TUBOLAR FITA 15 Nº 2', 3, 9.6, 28.8),
  (94, NULL, 'PEITORAL DE NY TUBOLAR FITA 15 Nº 3', 3, 9.6, 28.8),
  (94, NULL, 'PEITORAL DE NY TUBOLAR FITA 15 Nº 4', 3, 9.6, 28.8),
  (94, NULL, 'PEITORAL POLYESTER DESENHOS FITA 15 Nº 2', 3, 12.9, 38.7),
  (94, NULL, 'PEITORAL POLYESTER DESENHOS FITA 15 Nº 4', 2, 12.9, 25.8),
  (94, NULL, 'PEITORAL NYLON  EM X(AMER) FITA 20  Nº M', 3, 12.9, 38.7),
  (94, NULL, 'PEITORAL NYLON  EM X(AMER) FITA 25  Nº G', 1, 21.9, 21.9),
  (94, NULL, 'PEITORAL POLIESTER EM X(AMER) FITA 20 Nº P', 2, 16.5, 33.0),
  (94, NULL, 'PEITORAL NYLON TRAD. DUPLO FITA 40 Nº M', 2, 34.9, 69.8),
  (94, NULL, 'PEITORAL NYLON TRAD. DUPLO FITA 40 Nº G', 2, 36.9, 73.8),
  (94, NULL, 'PEITORAL NYLON TRAD. DUPLO FITA 40 Nº GG', 1, 39.9, 39.9),
  (94, NULL, 'GUIA DE CORDA 8 MM C/ 1 METRO', 2, 8.5, 17.0),
  (94, NULL, 'GUIA DE CORDA 16 MM C/ 40 CM', 2, 13.5, 27.0),
  (94, NULL, 'GUIA DE CORDA 16 MM C/ 60 CM', 2, 14.4, 28.8),
  (94, NULL, 'GUIA DE CORDA 16 MM C/ 60 CM COM MOLA', 2, 16.6, 33.2),
  (94, NULL, 'COL. COURO NATURAL Nº2', 6, 2.8, 16.8),
  (94, NULL, 'COL. COURO NATURAL Nº4', 6, 6.0, 36.0),
  (94, NULL, 'COL. COURO NATURAL Nº5', 6, 6.2, 37.2),
  (94, NULL, 'COL. COURO NATURAL Nº6', 6, 7.6, 45.6),
  (94, NULL, 'COL. COURO NATURAL Nº7', 4, 9.9, 39.6),
  (94, NULL, 'COLEIRA NYLON  TUBOLAR FITA 15 MM Nº 0', 6, 3.5, 21.0),
  (94, NULL, 'COLEIRA NYLON  TUBOLAR FITA 15 MM Nº 1', 6, 3.5, 21.0),
  (94, NULL, 'COLEIRA NYLON LISA FITA 20MM  Nº 4', 6, 4.0, 24.0),
  (94, NULL, 'COLEIRA POLIESTER DUPLA NR 5 FITA 25', 4, 8.9, 35.6),
  (94, NULL, 'COLEIRA POLIESTER DUPLA NR 7 FITA 30', 3, 14.5, 43.5),
  (94, NULL, 'CAMA LEDY P', 1, 32.9, 32.9),
  (94, NULL, 'CAMA LEDY M', 1, 43.9, 43.9),
  (94, NULL, 'CAMA LEDY G', 1, 54.9, 54.9);

INSERT INTO orders (id, client_key, order_date, sheet_name, discount_pct, payment_terms, payment_dates, format) VALUES
  (95, 'PAULISTA', '2026-03-02', '02.03.26', NULL, '30-45-60-75 PIX AGENDADO', '13.03.26', 'new');

INSERT INTO order_items (order_id, product_code, description, qty, unit_price, total) VALUES
  (95, 'OO4', 'PEITORAL DE NY TUBOLAR FITA 15 Nº 2', 4, 9.9, 39.6),
  (95, 'OO5', 'PEITORAL DE NY TUBOLAR FITA 15 Nº 3', 4, 9.9, 39.6),
  (95, 'O17', 'PEITORAL NYLON  EM X  FITA 25  Nº G', 1, 21.5, 21.5),
  (95, 'O21', 'PEITORAL POLIESTER EM X FITA 20 Nº P', 1, 16.5, 16.5),
  (95, 'O22', 'PEITORAL POLIESTER EM X FITA 20 Nº M', 3, 16.9, 50.7),
  (95, 'O23', 'PEITORAL POLIESTER EM X FITA 20 Nº G', 3, 17.5, 52.5),
  (95, 'O32', 'PEITORAL POLIESTER DUPLO FITA 20 Nº 4', 1, 18.9, 18.9),
  (95, 'O33', 'PEITORAL POLIESTER DUPLO FITA 20 Nº 5', 2, 19.9, 39.8),
  (95, 'O34', 'PEITORAL POLIESTER DUPLO FITA 25 Nº 6', 2, 25.9, 51.8),
  (95, 'O36', 'GUIA DE CORDA 8 MM C/ 1 METRO', 2, 8.5, 17.0),
  (95, 'O41', 'GUIA DE CORDA 16 MM C/ 1 MT', 1, 16.1, 16.1),
  (95, 'O42', 'GUIA DE CORDA 16 MM  C/40 CM C/ MOLA', 1, 15.8, 15.8),
  (95, 'O43', 'GUIA DE CORDA 16 MM C/ 60 CM C/ MOLA', 1, 16.6, 16.6),
  (95, 'O44', 'GUIA DE CORDA 16 MM C/ 1 MT  C/ MOLA', 1, 18.3, 18.3),
  (95, 'O45', 'GUIA ENFORCADOR 16 MM X 40 CM C/MOLA', 1, 24.9, 24.9),
  (95, 'O46', 'GUIA ENFORCADOR 16 MM X 60 CM C/MOLA', 1, 26.9, 26.9),
  (95, 'O47', 'GUIA ENFORCADOR 16 MM X 1,20 C/ ARGOLA', 2, 14.9, 29.8),
  (95, 'O53', 'GUIA DE NYLON TUBOLAR  FITA 15 C/ 1 MT', 10, 4.7, 47.0),
  (95, 'O59', 'PEITORAL NYLON NEOPREME Nº M', 1, 41.9, 41.9),
  (95, 'O60', 'PEITORAL NYLON NEOPREME Nº G', 1, 42.9, 42.9),
  (95, 'O66', 'COL. COURO NATURAL Nº3', 6, 4.9, 29.4),
  (95, 'O67', 'COL. COURO NATURAL Nº4', 6, 6.3, 37.8),
  (95, 'O68', 'COL. COURO NATURAL Nº5', 3, 6.9, 20.7),
  (95, 'O69', 'COL. COURO NATURAL Nº6', 4, 9.4, 37.6),
  (95, 'O70', 'COL. COURO NATURAL Nº7', 4, 10.9, 43.6),
  (95, 'O85', 'COLEIRA NYLON TUBOLAR FITA 15 MM Nº 0', 6, 3.5, 21.0),
  (95, 'O88', 'COLEIRA NYLON TUBOLAR FITA 15 MM Nº 3', 6, 3.5, 21.0),
  (95, 'O89', 'COLEIRA NYLON LISA FITA 20MM  Nº 4', 6, 4.0, 24.0),
  (95, 'O97', 'COLEIRA ELAST. PARA GATOS TAM. ÚNICO', 10, 3.8, 38.0),
  (95, '106', 'COLEIRA POLIESTER DUPLA NR 3 FITA 20', 1, 6.5, 6.5),
  (95, '107', 'COLEIRA POLIESTER DUPLA NR 4 FITA 20', 2, 7.9, 15.8),
  (95, '109', 'COLEIRA POLIESTER DUPLA NR 6 FITA 25', 1, 9.5, 9.5),
  (95, '110', 'COLEIRA POLIESTER DUPLA NR 7 FITA 30', 2, 14.5, 29.0),
  (95, '117', 'CAMA LEDY P', 1, 32.9, 32.9),
  (95, '119', 'CAMA LEDY G', 1, 54.9, 54.9);

INSERT INTO orders (id, client_key, order_date, sheet_name, discount_pct, payment_terms, payment_dates, format) VALUES
  (96, 'PET LIKE', '2025-10-07', '02.10', NULL, NULL, '07.10.25', 'old');

INSERT INTO order_items (order_id, product_code, description, qty, unit_price, total) VALUES
  (96, NULL, 'PEITORAL DE NY TUBOLAR FITA 15 Nº 00', 2, 9.6, 19.2),
  (96, NULL, 'PEITORAL DE NY TUBOLAR FITA 15 Nº 0', 1, 9.6, 9.6),
  (96, NULL, 'PEITORAL DE NY TUBOLAR FITA 15 Nº 1', 1, 9.6, 9.6),
  (96, NULL, 'PEITORAL DE NY TUBOLAR FITA 15 Nº 2', 1, 9.6, 9.6),
  (96, NULL, 'PEITORAL POLIESTER EM X(AMER) FITA 15 N. P', 1, 12.9, 12.9),
  (96, NULL, 'PEITORAL POLIESTER EM X(AMER) FITA 15 Nº G', 1, 13.9, 13.9),
  (96, NULL, 'PEITORAL POLIESTER EM X(AMER) FITA 20 Nº P', 1, 16.5, 16.5),
  (96, NULL, 'PEITORAL POLIESTER EM X(AMER) FITA 20 Nº M', 1, 16.9, 16.9),
  (96, NULL, 'PEITORAL POLIESTER EM X(AMER) FITA 25 Nº G', 2, 23.5, 47.0),
  (96, NULL, 'PEITORAL NYLON TRAD. DUPLO FITA 40 Nº M', 1, 34.9, 34.9),
  (96, NULL, 'GUIA DE CORDA 8 MM C/ 1 METRO', 1, 8.5, 8.5),
  (96, NULL, 'GUIA ENFORCADOR 16 MM X 1,20 C/ ARGOLA', 1, 14.9, 14.9),
  (96, NULL, 'GUIA ENFORCADOR 8 MM X 1,20 C/ ARGOLA', 2, 8.0, 16.0),
  (96, NULL, 'GUIA DE NYLON TUBOLAR   C/   1 MT', 4, 4.7, 18.8),
  (96, NULL, 'COL. COURO NATURAL Nº8', 2, 12.2, 24.4),
  (96, NULL, 'COLEIRA POLIESTER DUPLA NR 3 FITA 20', 4, 6.5, 26.0),
  (96, NULL, 'COLEIRA POLIESTER DUPLA NR 4 FITA 20', 1, 7.9, 7.9),
  (96, NULL, 'COLEIRA POLIESTER DUPLA NR 5 FITA 25', 3, 8.5, 25.5),
  (96, NULL, 'COLEIRA POLIESTER DUPLA NR 6 FITA 25', 1, 9.5, 9.5),
  (96, NULL, 'COLEIRA POLIESTER DUPLA NR 7 FITA 30', 3, 14.5, 43.5);

INSERT INTO orders (id, client_key, order_date, sheet_name, discount_pct, payment_terms, payment_dates, format) VALUES
  (97, 'PET LIKE', '2025-12-09', '01.12.25', NULL, NULL, '09.12.25', 'old');

INSERT INTO order_items (order_id, product_code, description, qty, unit_price, total) VALUES
  (97, NULL, 'PEITORAL DE NY TUBOLAR FITA 15 Nº 00', 1, 9.6, 9.6),
  (97, NULL, 'PEITORAL DE NY TUBOLAR FITA 15 Nº 0', 2, 9.6, 19.2),
  (97, NULL, 'PEITORAL DE NY TUBOLAR FITA 15 Nº 1', 2, 9.6, 19.2),
  (97, NULL, 'PEITORAL DE NY TUBOLAR FITA 15 Nº 2', 2, 9.6, 19.2),
  (97, NULL, 'PEITORAL DE NY TUBOLAR FITA 15 Nº 4', 1, 9.6, 9.6),
  (97, NULL, 'PEITORAL POLIESTER EM X(AMER) FITA 15 N. P', 4, 12.9, 51.6),
  (97, NULL, 'PEITORAL POLIESTER EM X(AMER) FITA 15 Nº M', 6, 13.6, 81.6),
  (97, NULL, 'PEITORAL POLIESTER EM X(AMER) FITA 15 Nº G', 6, 13.9, 83.4),
  (97, NULL, 'PEITORAL POLIESTER EM X(AMER) FITA 20 Nº P', 5, 16.5, 82.5),
  (97, NULL, 'PEITORAL POLIESTER EM X(AMER) FITA 20 Nº M', 4, 16.9, 67.6),
  (97, NULL, 'PEITORAL POLIESTER EM X(AMER) FITA 20 Nº G', 4, 17.5, 70.0),
  (97, NULL, 'PEITORAL POLIESTER EM X(AMER) FITA 25 Nº P', 3, 19.9, 59.7),
  (97, NULL, 'PEITORAL POLIESTER EM X(AMER) FITA 25 Nº M', 3, 21.9, 65.7),
  (97, NULL, 'PEITORAL POLIESTER EM X(AMER) FITA 25 Nº G', 5, 23.5, 117.5),
  (97, NULL, 'PEITORAL NYLON TRAD. DUPLO FITA 40 Nº M', 1, 34.9, 34.9),
  (97, NULL, 'PEITORAL NYLON TRAD. DUPLO FITA 40 Nº G', 1, 36.9, 36.9),
  (97, NULL, 'PEITORAL NYLON TRAD. DUPLO FITA 40 Nº GG', 1, 39.9, 39.9),
  (97, NULL, 'PEITORAL POLIESTER TRAD DUPLO NR 4 FITA 20', 3, 18.9, 56.7),
  (97, NULL, 'PEITORAL POLIESTER TRAD DUPLO NR 5 FITA 20', 2, 19.9, 39.8),
  (97, NULL, 'PEITORAL POLIESTER TRAD DUPLO NR 6 FITA 25', 2, 25.9, 51.8),
  (97, NULL, 'GUIA DE POLIESTER DUPLA   C/   60 CM', 3, 12.9, 38.7),
  (97, NULL, 'GUIA DE POLIESTER DUPLA   C/   1 MT', 3, 14.9, 44.7),
  (97, NULL, 'COL. COURO NATURAL Nº5', 1, 6.2, 6.2),
  (97, NULL, 'COL. COURO NATURAL Nº6', 2, 7.6, 15.2),
  (97, NULL, 'COL. COURO NATURAL Nº7', 2, 9.9, 19.8),
  (97, NULL, 'PEITORAL POLIESTER GATO TAM ÚNICO', 2, 12.9, 25.8),
  (97, NULL, 'COLEIRA POLIESTER DUPLA NR 3 FITA 20', 4, 6.5, 26.0),
  (97, NULL, 'COLEIRA POLIESTER DUPLA NR 4 FITA 20', 3, 7.9, 23.7),
  (97, NULL, 'COLEIRA POLIESTER DUPLA NR 5 FITA 25', 4, 8.5, 34.0),
  (97, NULL, 'COLEIRA POLIESTER DUPLA NR 6 FITA 25', 4, 9.5, 38.0),
  (97, NULL, 'PIPI DOG g', 2, 16.99, 33.98);

INSERT INTO orders (id, client_key, order_date, sheet_name, discount_pct, payment_terms, payment_dates, format) VALUES
  (98, 'PET LIKE', '2026-02-10', '03.02.26', NULL, 'PRAZO 30 /45 DIAS', '10.02.2026', 'old');

INSERT INTO order_items (order_id, product_code, description, qty, unit_price, total) VALUES
  (98, NULL, 'PEITORAL DE NY TUBOLAR FITA 15 Nº 00', 2, 9.6, 19.2),
  (98, NULL, 'PEITORAL DE NY TUBOLAR FITA 15 Nº 0', 3, 9.6, 28.8),
  (98, NULL, 'PEITORAL DE NY TUBOLAR FITA 15 Nº 1', 3, 9.6, 28.8),
  (98, NULL, 'PEITORAL DE NY TUBOLAR FITA 15 Nº 2', 3, 9.6, 28.8),
  (98, NULL, 'PEITORAL DE NY TUBOLAR FITA 15 Nº 4', 1, 9.6, 9.6),
  (98, NULL, 'PEITORAL POLIESTER EM X(AMER) FITA 15 N. P', 2, 12.9, 25.8),
  (98, NULL, 'PEITORAL POLIESTER EM X(AMER) FITA 20 Nº M', 1, 16.9, 16.9),
  (98, NULL, 'PEITORAL POLIESTER TRAD DUPLO NR 4 FITA 20', 2, 18.9, 37.8),
  (98, NULL, 'GUIA DE CORDA 16 MM C/ 60 CM', 1, 14.4, 14.4),
  (98, NULL, 'GUIA DE CORDA 16 MM C/ 1 MT', 1, 16.1, 16.1),
  (98, NULL, 'GUIA DE CORDA 16 MM  C/40 CM COM MOLA', 1, 15.8, 15.8),
  (98, NULL, 'GUIA DE CORDA 16 MM C/ 60 CM COM MOLA', 2, 16.6, 33.2),
  (98, NULL, 'GUIA ENFORCADOR 16 MM X 60 CM C/MOLA', 2, 26.9, 53.8),
  (98, NULL, 'GUIA ENFORCADOR 16 MM X 1,20 C/ ARGOLA', 1, 14.9, 14.9),
  (98, NULL, 'GUIA ENFORCADOR 8 MM X 1,50 C/ ARGOLA', 2, 8.9, 17.8),
  (98, NULL, 'GUIA DE POLIESTER  FITA 15   C/  1 MT', 2, 6.9, 13.8),
  (98, NULL, 'GUIA DE POLIESTER  FITA 20  C/  1 MT', 1, 7.9, 7.9),
  (98, NULL, 'COL. COURO PINTADA Nº2', 2, 3.9, 7.8),
  (98, NULL, 'COL. COURO PINTADA Nº4', 2, 6.65, 13.3),
  (98, NULL, 'COL. COURO PINTADA Nº7', 2, 13.6, 27.2),
  (98, NULL, 'COL. COURO PINTADA Nº8', 2, 14.8, 29.6),
  (98, NULL, 'COL. COURO PINTADA Nº9', 2, 17.9, 35.8),
  (98, NULL, 'COL. COURO PINTADA Nº10', 2, 18.9, 37.8),
  (98, NULL, 'COLEIRA DE POLIESTER FITA 15 MM Nº 0', 3, 4.0, 12.0),
  (98, NULL, 'COLEIRA DE POLIESTER FITA 15 MM Nº 1', 3, 4.0, 12.0),
  (98, NULL, 'COLEIRA DE POLIESTER FITA 15 MM Nº 2', 2, 4.0, 8.0),
  (98, NULL, 'COLEIRA DE POLIESTER FITA 15 MM Nº 3', 2, 4.0, 8.0),
  (98, NULL, 'COLEIRA POLIESTER DUPLA NR 4 FITA 20', 2, 7.9, 15.8),
  (98, NULL, 'COLEIRA POLIESTER DUPLA NR 5 FITA 25', 2, 8.5, 17.0);

INSERT INTO orders (id, client_key, order_date, sheet_name, discount_pct, payment_terms, payment_dates, format) VALUES
  (99, 'PET LIKE', '2026-03-03', '03.03.26', NULL, 'BOLETO 30 DIAS  13/04/26  391,86', '13.03.2026', 'new');

INSERT INTO order_items (order_id, product_code, description, qty, unit_price, total) VALUES
  (99, 'O18', 'PEITORAL POLIESTER EM X FITA 15 N. P', 4, 12.9, 51.6),
  (99, 'O19', 'PEITORAL POLIESTER EM X FITA 15 Nº M', 4, 13.6, 54.4),
  (99, 'O22', 'PEITORAL POLIESTER EM X FITA 20 Nº M', 1, 16.9, 16.9),
  (99, 'O25', 'PEITORAL POLIESTER EM X FITA 25 Nº M', 1, 21.9, 21.9),
  (99, 'O43', 'GUIA DE CORDA 16 MM C/ 60 CM C/ MOLA', 2, 16.6, 33.2),
  (99, '130', 'MANTA PET ( 10 + 1 )', 10, 14.99, 149.9),
  (99, '131', 'PIPI DOG PEQUENO (FALTA ENTREGAR 1 )', 2, 14.99, 29.98),
  (99, '132', 'PIPI DOG GRANDE', 2, 16.99, 33.98);

INSERT INTO orders (id, client_key, order_date, sheet_name, discount_pct, payment_terms, payment_dates, format) VALUES
  (100, 'PIÇARRAS', '2026-02-03', '03.02.26', NULL, NULL, '03.02.26', 'old');

INSERT INTO order_items (order_id, product_code, description, qty, unit_price, total) VALUES
  (100, NULL, 'PEITORAL POLYESTER DESENHOS FITA 15 Nº 00', 2, 12.9, 25.8),
  (100, NULL, 'PEITORAL POLYESTER DESENHOS FITA 15 Nº 0', 2, 12.9, 25.8),
  (100, NULL, 'PEITORAL POLYESTER DESENHOS FITA 15 Nº 1', 2, 12.9, 25.8),
  (100, NULL, 'PEITORAL POLYESTER DESENHOS FITA 15 Nº 2', 2, 12.9, 25.8),
  (100, NULL, 'PEITORAL POLYESTER DESENHOS FITA 15 Nº 3', 2, 12.9, 25.8),
  (100, NULL, 'PEITORAL POLYESTER DESENHOS FITA 15 Nº 4', 2, 12.9, 25.8),
  (100, NULL, 'PEITORAL NYLON TRAD. DUPLO FITA 40 Nº M', 1, 34.9, 34.9),
  (100, NULL, 'PEITORAL NYLON TRAD. DUPLO FITA 40 Nº G', 1, 36.9, 36.9),
  (100, NULL, 'PEITORAL NYLON TRAD. DUPLO FITA 40 Nº GG', 1, 39.9, 39.9),
  (100, NULL, 'PEITORAL POLIESTER TRAD DUPLO NR 4 FITA 20', 3, 18.9, 56.7),
  (100, NULL, 'PEITORAL POLIESTER TRAD DUPLO NR 5 FITA 20', 3, 19.9, 59.7),
  (100, NULL, 'PEITORAL POLIESTER TRAD DUPLO NR 6 FITA 25', 2, 25.9, 51.8),
  (100, NULL, 'GUIA DE CORDA 8 MM C/ 1 METRO', 3, 8.5, 25.5),
  (100, NULL, 'GUIA ENFORCADOR 16 MM X 1,20 C/ ARGOLA', 2, 14.9, 29.8),
  (100, NULL, 'GUIA DE NYLON TUBOLAR   C/   1 MT', 4, 4.5, 18.0),
  (100, NULL, 'GUIA DE POLIESTER    C/   1 MT', 4, 6.5, 26.0),
  (100, NULL, 'GUIA DE POLIESTER DUPLA   C/   60 CM', 2, 12.5, 25.0),
  (100, NULL, 'GUIA DE POLIESTER DUPLA   C/   1 MT', 2, 14.5, 29.0),
  (100, NULL, 'CINTO DE SEGURANÇA PET FITA 25', 4, 10.5, 42.0),
  (100, NULL, 'COLEIRA PARA GATOS TAM. ÚNICO', 10, 3.8, 38.0),
  (100, NULL, 'COLEIRA POLIESTER DUPLA NR 3 FITA 20', 3, 6.5, 19.5),
  (100, NULL, 'COLEIRA POLIESTER DUPLA NR 4 FITA 20', 3, 7.9, 23.7),
  (100, NULL, 'COLEIRA POLIESTER DUPLA NR 5 FITA 25', 3, 8.5, 25.5),
  (100, NULL, 'COLEIRA POLIESTER DUPLA NR 6 FITA 25', 3, 9.5, 28.5),
  (100, NULL, 'COLEIRA POLIESTER DUPLA NR 7 FITA 30', 3, 14.5, 43.5);

INSERT INTO orders (id, client_key, order_date, sheet_name, discount_pct, payment_terms, payment_dates, format) VALUES
  (101, 'PRO CAMPO', '2025-12-15', '15.12', NULL, NULL, '15.12.25', 'old');

INSERT INTO order_items (order_id, product_code, description, qty, unit_price, total) VALUES
  (101, NULL, 'PEITORAL DE NY TUBOLAR FITA 15 Nº 0', 2, 9.6, 19.2),
  (101, NULL, 'PEITORAL DE NY TUBOLAR FITA 15 Nº 1', 1, 9.6, 9.6),
  (101, NULL, 'PEITORAL DE NY TUBOLAR FITA 15 Nº 2', 3, 9.6, 28.8),
  (101, NULL, 'PEITORAL DE NY TUBOLAR FITA 15 Nº 3', 7, 9.6, 67.2),
  (101, NULL, 'PEITORAL DE NY TUBOLAR FITA 15 Nº 4', 3, 9.6, 28.8),
  (101, NULL, 'PEITORAL POLYESTER DESENHOS FITA 15 Nº 0', 1, 12.9, 12.9),
  (101, NULL, 'PEITORAL POLYESTER DESENHOS FITA 15 Nº 1', 2, 12.9, 25.8),
  (101, NULL, 'PEITORAL POLYESTER DESENHOS FITA 15 Nº 2', 4, 12.9, 51.6),
  (101, NULL, 'PEITORAL POLYESTER DESENHOS FITA 15 Nº 3', 3, 12.9, 38.7),
  (101, NULL, 'PEITORAL NYLON   EM X(AMER)  FITA 15  NºP', 3, 10.5, 31.5),
  (101, NULL, 'PEITORAL NYLON  EM X(AMER) FITA 20  Nº M', 3, 12.5, 37.5),
  (101, NULL, 'PEITORAL NYLON  EM X(AMER) FITA 25  Nº G', 3, 21.5, 64.5),
  (101, NULL, 'PEITORAL POLIESTER EM X(AMER) FITA 15 N. P', 2, 12.9, 25.8),
  (101, NULL, 'PEITORAL POLIESTER EM X(AMER) FITA 15 Nº M', 2, 13.6, 27.2),
  (101, NULL, 'PEITORAL POLIESTER EM X(AMER) FITA 15 Nº G', 1, 13.9, 13.9),
  (101, NULL, 'PEITORAL POLIESTER EM X(AMER) FITA 20 Nº P', 1, 16.5, 16.5),
  (101, NULL, 'PEITORAL POLIESTER EM X(AMER) FITA 20 Nº M', 3, 16.9, 50.7),
  (101, NULL, 'PEITORAL POLIESTER EM X(AMER) FITA 25 Nº P', 1, 19.9, 19.9),
  (101, NULL, 'PEITORAL POLIESTER EM X(AMER) FITA 25 Nº M', 2, 21.9, 43.8),
  (101, NULL, 'PEITORAL POLIESTER EM X(AMER) FITA 25 Nº G', 1, 25.9, 25.9),
  (101, NULL, 'PEITORAL NYLON TRAD. DUPLO FITA 40 Nº M', 1, 34.9, 34.9),
  (101, NULL, 'PEITORAL NYLON TRAD. DUPLO FITA 40 Nº G', 1, 36.9, 36.9),
  (101, NULL, 'PEITORAL NYLON TRAD. DUPLO FITA 40 Nº GG', 1, 39.9, 39.9),
  (101, NULL, 'PEITORAL POLIESTER TRAD DUPLO NR 4 FITA 20', 2, 18.9, 37.8),
  (101, NULL, 'PEITORAL POLIESTER TRAD DUPLO NR 6 FITA 25', 2, 25.9, 51.8),
  (101, NULL, 'GUIA DE CORDA 8 MM C/ 1 METRO', 3, 8.5, 25.5),
  (101, NULL, 'GUIA DE CORDA 16 MM C/ 40 CM', 1, 13.5, 13.5),
  (101, NULL, 'GUIA DE CORDA 16 MM C/ 60 CM', 1, 14.4, 14.4),
  (101, NULL, 'GUIA DE CORDA 16 MM C/ 1 MT', 1, 16.1, 16.1),
  (101, NULL, 'GUIA DE CORDA 16 MM  C/40 CM COM MOLA', 1, 15.8, 15.8),
  (101, NULL, 'GUIA DE CORDA 16 MM C/ 60 CM COM MOLA', 1, 16.6, 16.6),
  (101, NULL, 'GUIA DE CORDA 16 MM C/ 1 MT  COM MOLA', 1, 18.3, 18.3),
  (101, NULL, 'GUIA ENFORCADOR 16 MM X 40 CM C/MOLA', 2, 24.9, 49.8),
  (101, NULL, 'GUIA ENFORCADOR 16 MM X 1,20 C/ ARGOLA', 2, 14.9, 29.8),
  (101, NULL, 'GUIA DE NYLON TUBOLAR   C/   1 MT', 2, 4.9, 9.8),
  (101, NULL, 'GUIA DE POLIESTER    C/   1 MT', 3, 6.9, 20.7),
  (101, NULL, 'GUIA DE POLIESTER DUPLA   C/   60 CM', 1, 12.6, 12.6),
  (101, NULL, 'GUIA DE POLIESTER DUPLA   C/   1 MT', 1, 14.9, 14.9),
  (101, NULL, 'CINTO DE SEGURANÇA PET FITA 25', 3, 10.5, 31.5),
  (101, NULL, 'PEITORAL NYLON DUPLO REFORÇADO TAM P', 1, 27.9, 27.9),
  (101, NULL, 'PEITORAL NYLON DUPLO REFORÇADO TAM M', 2, 29.9, 59.8),
  (101, NULL, 'PEITORAL NYLON DUPLO REFORÇADO TAM G', 2, 30.9, 61.8),
  (101, NULL, 'PEITORAL POLIESTER GATO TAM ÚNICO', 2, 12.9, 25.8),
  (101, NULL, 'COLEIRA POLIESTER DUPLA NR 3 FITA 20', 2, 6.5, 13.0);

INSERT INTO orders (id, client_key, order_date, sheet_name, discount_pct, payment_terms, payment_dates, format) VALUES
  (102, 'PRO CAMPO', '2026-02-17', '17.02.26', NULL, '30 DIAS  VENC. 25.03.2026', '25.02.26', 'new');

INSERT INTO order_items (order_id, product_code, description, qty, unit_price, total) VALUES
  (102, 'OO5', 'PEITORAL DE NY TUBOLAR FITA 15 Nº 3', 1, 9.6, 9.6),
  (102, 'OO6', 'PEITORAL DE NY TUBOLAR FITA 15 Nº 4', 2, 9.6, 19.2),
  (102, 'OO9', 'PEITORAL POLYESTER  FITA 15 Nº 00', 2, 12.9, 25.8),
  (102, 'O11', 'PEITORAL POLYESTER  FITA 15 Nº 1', 1, 12.9, 12.9),
  (102, 'O12', 'PEITORAL POLYESTER  FITA 15 Nº 2', 1, 12.9, 12.9),
  (102, 'O13', 'PEITORAL POLYESTER  FITA 15 Nº 3', 2, 12.9, 25.8),
  (102, 'O14', 'PEITORAL POLYESTER  FITA 15 Nº 4', 2, 12.9, 25.8),
  (102, 'O15', 'PEITORAL NYLON  EM X  FITA 15  Nº P', 1, 10.5, 10.5),
  (102, 'O16', 'PEITORAL NYLON  EM X  FITA 20  Nº M', 2, 12.5, 25.0),
  (102, 'O19', 'PEITORAL POLIESTER EM X FITA 15 Nº M', 1, 13.6, 13.6),
  (102, 'O22', 'PEITORAL POLIESTER EM X FITA 20 Nº M', 4, 16.9, 67.6),
  (102, 'O26', 'PEITORAL POLIESTER EM X FITA 25 Nº G', 1, 23.5, 23.5),
  (102, 'O29', 'PEITORAL NYLON  DUPLO FITA 40 Nº M', 2, 34.9, 69.8),
  (102, 'O30', 'PEITORAL NYLON  DUPLO FITA 40 Nº G', 2, 36.9, 73.8),
  (102, 'O32', 'PEITORAL POLIESTER DUPLO FITA 20 Nº 4', 2, 18.9, 37.8),
  (102, 'O33', 'PEITORAL POLIESTER DUPLO FITA 20 Nº 5', 1, 19.9, 19.9),
  (102, 'O34', 'PEITORAL POLIESTER DUPLO FITA 25 Nº 6', 2, 25.9, 51.8),
  (102, 'O40', 'GUIA DE CORDA 16 MM C/ 60 CM', 1, 14.4, 14.4),
  (102, 'O43', 'GUIA DE CORDA 16 MM C/ 60 CM C/ MOLA', 1, 16.6, 16.6),
  (102, 'O46', 'GUIA ENFORCADOR 16 MM X 60 CM C/MOLA', 1, 26.9, 26.9),
  (102, 'O59', 'PEITORAL NYLON NEOPREME Nº M', 1, 41.9, 41.9),
  (102, 'O98', 'PEITORAL POLIESTER GATO TAM ÚNICO', 3, 12.9, 38.7),
  (102, 'O99', 'COLEIRA DE NYLON DUPLA COSTURADA Nº 4', 4, 7.0, 28.0),
  (102, '100', 'COLEIRA DE NYLON DUPLA COSTURADA Nº 5', 2, 7.5, 15.0),
  (102, '101', 'COLEIRA DE NYLON DUPLA COSTURADA Nº 6', 2, 7.6, 15.2),
  (102, '105', 'COLEIRA DE NYLON DUPLA COSTURADA Nº 10', 3, 12.0, 36.0),
  (102, '106', 'COLEIRA POLIESTER DUPLA NR 3 FITA 20', 1, 6.5, 6.5),
  (102, '107', 'COLEIRA POLIESTER DUPLA NR 4 FITA 20', 3, 7.9, 23.7),
  (102, '108', 'COLEIRA POLIESTER DUPLA NR 5 FITA 25', 2, 8.5, 17.0),
  (102, '109', 'COLEIRA POLIESTER DUPLA NR 6 FITA 25', 1, 9.5, 9.5),
  (102, '113', 'ALMOFADA COM SILICONE TAM G', 1, 32.9, 32.9),
  (102, '114', 'ALMOFADA COM SILICONE TAM GG', 1, 39.9, 39.9);

INSERT INTO orders (id, client_key, order_date, sheet_name, discount_pct, payment_terms, payment_dates, format) VALUES
  (103, 'QUATRO PATAS', '2025-09-10', '10.09.2025', NULL, NULL, '10.09.2025', 'old');

INSERT INTO order_items (order_id, product_code, description, qty, unit_price, total) VALUES
  (103, NULL, 'PEITORAL POLYESTER DESENHOS FITA 15 Nº 0', 1, 12.9, 12.9),
  (103, NULL, 'PEITORAL POLYESTER DESENHOS FITA 15 Nº 1', 2, 12.9, 25.8),
  (103, NULL, 'PEITORAL POLYESTER DESENHOS FITA 15 Nº 2', 2, 12.9, 25.8),
  (103, NULL, 'PEITORAL POLYESTER DESENHOS FITA 15 Nº 3', 1, 12.9, 12.9),
  (103, NULL, 'PEITORAL POLIESTER EM X(AMER) FITA 15 N. P', 2, 12.9, 25.8),
  (103, NULL, 'PEITORAL POLIESTER EM X(AMER) FITA 15 Nº M', 2, 13.6, 27.2),
  (103, NULL, 'PEITORAL POLIESTER EM X(AMER) FITA 15 Nº G', 1, 13.9, 13.9),
  (103, NULL, 'PEITORAL POLIESTER EM X(AMER) FITA 20 Nº M', 2, 16.9, 33.8),
  (103, NULL, 'PEITORAL POLIESTER EM X(AMER) FITA 20 Nº G', 1, 17.5, 17.5),
  (103, NULL, 'PEITORAL POLIESTER EM X(AMER) FITA 25 Nº P', 1, 19.9, 19.9),
  (103, NULL, 'PEITORAL POLIESTER EM X(AMER) FITA 25 Nº M', 1, 21.9, 21.9),
  (103, NULL, 'PEITORAL POLIESTER EM X(AMER) FITA 25 Nº G', 1, 23.5, 23.5),
  (103, NULL, 'PEITORAL POLIESTER TRAD DUPLO NR 4 FITA 20', 3, 18.9, 56.7),
  (103, NULL, 'GUIA ENFORCADOR 16 MM X 1,20 C/ ARGOLA', 1, 15.15, 15.15),
  (103, NULL, 'GUIA POLIESTER DUPLA 60 CM', 1, 12.99, 12.99),
  (103, NULL, 'GUIA DE NYLON TUBOLAR   C/   1 MT', 2, 4.7, 9.4),
  (103, NULL, 'COLEIRA POLIESTER DUPLA NR 5 FITA 25', 1, 8.5, 8.5),
  (103, NULL, 'CAMA LEDY G  (FALTA ENTREGAR)', 2, 54.9, 109.8);

INSERT INTO orders (id, client_key, order_date, sheet_name, discount_pct, payment_terms, payment_dates, format) VALUES
  (104, 'QUATRO PATAS', '2025-11-26', '14.11', NULL, NULL, '26.11.25', 'old');

INSERT INTO order_items (order_id, product_code, description, qty, unit_price, total) VALUES
  (104, NULL, 'PEITORAL DE NY TUBOLAR FITA 15 Nº 00', 1, 9.6, 9.6),
  (104, NULL, 'PEITORAL DE NY TUBOLAR FITA 15 Nº 0', 1, 9.6, 9.6),
  (104, NULL, 'PEITORAL DE NY TUBOLAR FITA 15 Nº 2', 1, 9.6, 9.6),
  (104, NULL, 'PEITORAL DE NY TUBOLAR FITA 15 Nº 3', 1, 9.6, 9.6),
  (104, NULL, 'PEITORAL NYLON  EM X(AMER) FITA 20  Nº M', 1, 12.5, 12.5),
  (104, NULL, 'PEITORAL POLIESTER EM X(AMER) FITA 15 Nº M', 1, 13.6, 13.6),
  (104, NULL, 'PEITORAL POLIESTER EM X(AMER) FITA 15 Nº G', 2, 13.9, 27.8),
  (104, NULL, 'PEITORAL POLIESTER EM X(AMER) FITA 25 Nº M', 1, 21.9, 21.9),
  (104, NULL, 'PEITORAL POLIESTER EM X(AMER) FITA 25 Nº G', 1, 23.5, 23.5),
  (104, NULL, 'PEITORAL NYLON TRAD. DUPLO FITA 40 Nº G', 1, 36.9, 36.9),
  (104, NULL, 'PEITORAL NYLON TRAD. DUPLO FITA 40 Nº GG', 1, 39.9, 39.9),
  (104, NULL, 'PEITORAL POLIESTER TRAD DUPLO NR 4 FITA 20', 1, 18.9, 18.9),
  (104, NULL, 'GUIA DE CORDA 8 MM C/ 1 METRO', 2, 8.5, 17.0),
  (104, NULL, 'GUIA DE CORDA 16 MM C/ 60 CM COM MOLA', 1, 16.6, 16.6),
  (104, NULL, 'GUIA ENFORCADOR 16 MM X 1,20 C/ ARGOLA', 2, 14.9, 29.8),
  (104, NULL, 'COL. COURO NATURAL Nº1', 3, 2.4, 7.2),
  (104, NULL, 'COL. COURO NATURAL Nº2', 3, 2.8, 8.4),
  (104, NULL, 'COL. COURO NATURAL Nº3', 3, 4.35, 13.05),
  (104, NULL, 'COL. COURO NATURAL Nº4', 3, 6.0, 18.0),
  (104, NULL, 'COL. COURO NATURAL Nº5', 3, 6.2, 18.6),
  (104, NULL, 'COL. COURO NATURAL Nº6', 3, 7.6, 22.8),
  (104, NULL, 'COL. COURO NATURAL Nº7', 3, 9.9, 29.7),
  (104, NULL, 'COL. COURO NATURAL Nº8', 3, 12.2, 36.6),
  (104, NULL, 'COL. COURO NATURAL Nº9', 3, 16.9, 50.7),
  (104, NULL, 'COL COUR NATURAL Nº10', 3, 18.9, 56.7),
  (104, NULL, 'COLEIRA POLIESTER DUPLA NR 3 FITA 20', 3, 6.5, 19.5),
  (104, NULL, 'COLEIRA POLIESTER DUPLA NR 4 FITA 20', 3, 7.9, 23.7),
  (104, NULL, 'COLEIRA POLIESTER DUPLA NR 5 FITA 25', 3, 8.5, 25.5),
  (104, NULL, 'COLEIRA POLIESTER DUPLA NR 6 FITA 25', 4, 9.5, 38.0),
  (104, NULL, 'COLEIRA POLIESTER DUPLA NR 7 FITA 30', 1, 14.5, 14.5),
  (104, NULL, 'ALMOFADA COM SILICONE TAM P', 1, 26.9, 26.9),
  (104, NULL, 'CAMA LEDY P', 1, 32.9, 32.9),
  (104, NULL, 'MANTA PET', 3, 14.99, 44.97);

INSERT INTO orders (id, client_key, order_date, sheet_name, discount_pct, payment_terms, payment_dates, format) VALUES
  (105, 'QUATRO PATAS', '2026-01-16', '07.01.26', NULL, NULL, '16.01.2026', 'old');

INSERT INTO order_items (order_id, product_code, description, qty, unit_price, total) VALUES
  (105, NULL, 'PEITORAL DE NY TUBOLAR FITA 15 Nº 2', 2, 9.6, 19.2),
  (105, NULL, 'PEITORAL DE NY TUBOLAR FITA 15 Nº 3', 1, 9.6, 9.6),
  (105, NULL, 'PEITORAL DE NY TUBOLAR FITA 15 Nº 4', 1, 9.6, 9.6),
  (105, NULL, 'PEITORAL POLYESTER DESENHOS FITA 15 Nº 0', 2, 12.9, 25.8),
  (105, NULL, 'PEITORAL POLYESTER DESENHOS FITA 15 Nº 1', 2, 12.9, 25.8),
  (105, NULL, 'PEITORAL POLYESTER DESENHOS FITA 15 Nº 2', 2, 12.9, 25.8),
  (105, NULL, 'PEITORAL POLIESTER EM X(AMER) FITA 20 Nº M', 2, 16.9, 33.8),
  (105, NULL, 'PEITORAL POLIESTER EM X(AMER) FITA 20 Nº G', 2, 17.5, 35.0),
  (105, NULL, 'PEITORAL POLIESTER EM X(AMER) FITA 25 Nº P', 3, 19.9, 59.7),
  (105, NULL, 'PEITORAL POLIESTER EM X(AMER) FITA 25 Nº M', 3, 21.9, 65.7),
  (105, NULL, 'PEITORAL NYLON TRAD. DUPLO FITA 40 Nº M', 1, 34.9, 34.9),
  (105, NULL, 'PEITORAL NYLON TRAD. DUPLO FITA 40 Nº G', 1, 36.9, 36.9),
  (105, NULL, 'PEITORAL NYLON TRAD. DUPLO FITA 40 Nº GG', 1, 39.9, 39.9),
  (105, NULL, 'PEITORAL POLIESTER TRAD DUPLO NR 4 FITA 20', 3, 18.9, 56.7),
  (105, NULL, 'PEITORAL POLIESTER TRAD DUPLO NR 5 FITA 20', 1, 19.9, 19.9),
  (105, NULL, 'PEITORAL POLIESTER TRAD DUPLO NR 6 FITA 25', 1, 25.9, 25.9),
  (105, NULL, 'COL. COURO NATURAL Nº2', 2, 2.8, 5.6),
  (105, NULL, 'COL. COURO NATURAL Nº3', 2, 4.35, 8.7),
  (105, NULL, 'COL. COURO NATURAL Nº4', 1, 6.0, 6.0),
  (105, NULL, 'COL. COURO NATURAL Nº5', 2, 6.2, 12.4),
  (105, NULL, 'COL. COURO NATURAL Nº6', 1, 7.6, 7.6),
  (105, NULL, 'COLEIRA DE POLIESTER FITA 15 MM Nº 0', 6, 4.0, 24.0),
  (105, NULL, 'COLEIRA DE POLIESTER FITA 15 MM Nº 2', 6, 4.0, 24.0),
  (105, NULL, 'COLEIRA DE POLIESTER FITA 15 MM Nº 3', 6, 4.0, 24.0),
  (105, NULL, 'CAMA LEDY P', 2, 32.9, 65.8);

INSERT INTO orders (id, client_key, order_date, sheet_name, discount_pct, payment_terms, payment_dates, format) VALUES
  (106, 'QUATRO PATAS', '2026-03-09', '09.03.26', NULL, NULL, '18.03.26, 18.04.26', 'new');

INSERT INTO order_items (order_id, product_code, description, qty, unit_price, total) VALUES
  (106, 'OO1', 'PEITORAL DE NY TUBOLAR FITA 15 Nº 00', 1, 9.9, 9.9),
  (106, 'O11', 'PEITORAL POLYESTER  FITA 15 Nº 1', 2, 12.9, 25.8),
  (106, 'O12', 'PEITORAL POLYESTER  FITA 15 Nº 2', 1, 12.9, 12.9),
  (106, 'O17', 'PEITORAL NYLON  EM X  FITA 25  Nº G', 1, 21.5, 21.5),
  (106, 'O22', 'PEITORAL POLIESTER EM X FITA 20 Nº M', 2, 16.9, 33.8),
  (106, 'O23', 'PEITORAL POLIESTER EM X FITA 20 Nº G', 1, 17.5, 17.5),
  (106, 'O26', 'PEITORAL POLIESTER EM X FITA 25 Nº G', 1, 23.5, 23.5),
  (106, 'O98', 'PEITORAL POLIESTER GATO TAM ÚNICO', 3, 12.9, 38.7),
  (106, 'O36', 'GUIA DE CORDA 8 MM C/ 1 METRO', 1, 8.5, 8.5),
  (106, 'O40', 'GUIA DE CORDA 16 MM C/ 60 CM', 1, 14.4, 14.4),
  (106, 'O44', 'GUIA DE CORDA 16 MM C/ 1 MT  C/ MOLA', 1, 18.3, 18.3),
  (106, 'O45', 'GUIA ENFORCADOR 16 MM X 40 CM C/MOLA', 1, 24.9, 24.9),
  (106, '107', 'COLEIRA POLIESTER DUPLA NR 4 FITA 20', 2, 7.9, 15.8);

INSERT INTO orders (id, client_key, order_date, sheet_name, discount_pct, payment_terms, payment_dates, format) VALUES
  (107, 'SEU JOÃO ITAJAI', '2025-10-16', '08.10', NULL, NULL, '16.10.25', 'old');

INSERT INTO order_items (order_id, product_code, description, qty, unit_price, total) VALUES
  (107, NULL, 'PEITORAL POLYESTER DESENHOS FITA 15 Nº 2', 4, 12.9, 51.6),
  (107, NULL, 'PEITORAL POLIESTER EM X(AMER) FITA 20 Nº P', 10, 16.5, 165.0),
  (107, NULL, 'GUIA DE CORDA 16 MM C/ 40 CM', 2, 13.5, 27.0),
  (107, NULL, 'GUIA ENFORCADOR 16 MM X 40 CM C/MOLA', 1, 26.9, 26.9),
  (107, NULL, 'GUIA ENFORCADOR 16 MM X 60 CM C/MOLA', 2, 27.9, 55.8),
  (107, NULL, 'COL. COURO PINTADA Nº2', 6, 3.9, 23.4),
  (107, NULL, 'COL. COURO PINTADA Nº3', 6, 6.0, 36.0),
  (107, NULL, 'COL. COURO PINTADA Nº7', 6, 13.6, 81.6);

INSERT INTO orders (id, client_key, order_date, sheet_name, discount_pct, payment_terms, payment_dates, format) VALUES
  (108, 'SEU JOÃO ITAJAI', '2025-12-04', '16.12', NULL, NULL, '04.12.25', 'old');

INSERT INTO order_items (order_id, product_code, description, qty, unit_price, total) VALUES
  (108, NULL, 'GUIA ENFORCADOR 16 MM X 40 CM C/MOLA', 3, 26.9, 80.7),
  (108, NULL, 'COL. COURO NATURAL Nº9', 4, 16.9, 67.6),
  (108, NULL, 'COL. COURO PINTADA Nº4', 6, 6.65, 39.9),
  (108, NULL, 'COL. COURO PINTADA Nº5', 6, 8.7, 52.2),
  (108, NULL, 'COL. COURO PINTADA Nº6', 6, 11.0, 66.0),
  (108, NULL, 'COL. COURO PINTADA Nº9', 3, 17.9, 53.7),
  (108, NULL, 'COL. COURO PINTADA Nº10', 4, 19.9, 79.6);

INSERT INTO orders (id, client_key, order_date, sheet_name, discount_pct, payment_terms, payment_dates, format) VALUES
  (109, 'SEU JOÃO ITAJAI', '2026-01-09', '07.01', NULL, NULL, '09.01.26', 'old');

INSERT INTO order_items (order_id, product_code, description, qty, unit_price, total) VALUES
  (109, NULL, 'PEITORAL POLYESTER DESENHOS FITA 15 Nº 1', 6, 12.9, 77.4),
  (109, NULL, 'PEITORAL POLIESTER EM X(AMER) FITA 20 Nº M', 6, 16.9, 101.4),
  (109, NULL, 'PEITORAL POLIESTER EM X(AMER) FITA 20 Nº G', 6, 17.5, 105.0),
  (109, NULL, 'PEITORAL POLIESTER EM X(AMER) FITA 25 Nº P', 2, 19.9, 39.8),
  (109, NULL, 'PEITORAL POLIESTER EM X(AMER) FITA 25 Nº M', 2, 21.9, 43.8),
  (109, NULL, 'PEITORAL POLIESTER EM X(AMER) FITA 25 Nº G', 2, 23.5, 47.0),
  (109, NULL, 'GUIA DE CORDA 16 MM C/ 40 CM', 1, 13.5, 13.5),
  (109, NULL, 'GUIA DE CORDA 16 MM C/ 60 CM', 4, 14.4, 57.6),
  (109, NULL, 'COL. COURO PINTADA Nº3', 3, 6.0, 18.0),
  (109, NULL, 'COL. COURO PINTADA Nº8', 6, 14.8, 88.8),
  (109, NULL, 'COLEIRA PARA GATOS TAM. ÚNICO', 10, 3.8, 38.0);

INSERT INTO orders (id, client_key, order_date, sheet_name, discount_pct, payment_terms, payment_dates, format) VALUES
  (110, 'SOUZA', '2025-09-18', '18.09.25', NULL, NULL, '18.09.25', 'old');

INSERT INTO order_items (order_id, product_code, description, qty, unit_price, total) VALUES
  (110, NULL, 'PEITORAL DE NY TUBOLAR FITA 15 Nº 0', 2, 9.6, 19.2),
  (110, NULL, 'PEITORAL DE NY TUBOLAR FITA 15 Nº 2', 5, 9.6, 48.0),
  (110, NULL, 'PEITORAL DE NY TUBOLAR FITA 15 Nº 3', 3, 9.6, 28.8),
  (110, NULL, 'PEITORAL DE NY TUBOLAR FITA 15 Nº 4', 4, 9.6, 38.4),
  (110, NULL, 'PEITORAL POLYESTER DESENHOS FITA 15 Nº 1', 4, 12.9, 51.6),
  (110, NULL, 'PEITORAL POLYESTER DESENHOS FITA 15 Nº 3', 2, 12.9, 25.8),
  (110, NULL, 'GUIA DE CORDA 8 MM C/ 1 METRO', 2, 8.5, 17.0),
  (110, NULL, 'PEITORAL NYLON DUPLO REFORÇADO TAM P', 1, 27.9, 27.9),
  (110, NULL, 'PEITORAL POLIESTER GATO TAM ÚNICO', 2, 12.9, 25.8),
  (110, NULL, 'ALMOFADA COM SILICONE TAM EGGG', 1, 53.9, 53.9);

INSERT INTO orders (id, client_key, order_date, sheet_name, discount_pct, payment_terms, payment_dates, format) VALUES
  (111, 'SOUZA', '2025-12-08', '01.12.25', NULL, NULL, '08.12.25', 'old');

INSERT INTO order_items (order_id, product_code, description, qty, unit_price, total) VALUES
  (111, NULL, 'PEITORAL POLYESTER DESENHOS FITA 15 Nº 4', 2, 12.9, 25.8),
  (111, NULL, 'PEITORAL POLIESTER TRAD DUPLO NR 4 FITA 20', 2, 18.9, 37.8),
  (111, NULL, 'PEITORAL POLIESTER TRAD DUPLO NR 5 FITA 20', 2, 19.9, 39.8),
  (111, NULL, 'PEITORAL POLIESTER TRAD DUPLO NR 6 FITA 25', 1, 25.9, 25.9),
  (111, NULL, 'GUIA ENFORCADOR 8 MM X 1,50 C/ ARGOLA', 2, 8.9, 17.8),
  (111, NULL, 'PIPI DOG', 1, 16.99, 16.99);

INSERT INTO orders (id, client_key, order_date, sheet_name, discount_pct, payment_terms, payment_dates, format) VALUES
  (112, 'SOUZA', '2026-03-03', '03.03.26', NULL, 'PRAZO 30/45 PIX AGENDADO', '16.03.26', 'new');

INSERT INTO order_items (order_id, product_code, description, qty, unit_price, total) VALUES
  (112, 'OO1', 'PEITORAL DE NY TUBOLAR FITA 15 Nº 00', 3, 9.9, 29.7),
  (112, 'OO4', 'PEITORAL DE NY TUBOLAR FITA 15 Nº 2', 3, 9.9, 29.7),
  (112, 'OO5', 'PEITORAL DE NY TUBOLAR FITA 15 Nº 3', 4, 9.9, 39.6),
  (112, 'O32', 'PEITORAL POLIESTER DUPLO FITA 20 Nº 4', 4, 18.9, 75.6),
  (112, 'O33', 'PEITORAL POLIESTER DUPLO FITA 20 Nº 5', 4, 19.9, 79.6),
  (112, 'O34', 'PEITORAL POLIESTER DUPLO FITA 25 Nº 6', 3, 25.9, 77.7),
  (112, 'O62', 'PEITORAL NYLON DUPLO REFORÇADO TAM M', 1, 29.9, 29.9),
  (112, 'O85', 'COLEIRA NYLON TUBOLAR FITA 15 MM Nº 0', 4, 3.5, 14.0),
  (112, 'O88', 'COLEIRA NYLON TUBOLAR FITA 15 MM Nº 3', 4, 3.5, 14.0),
  (112, 'O89', 'COLEIRA NYLON LISA FITA 20MM  Nº 4', 4, 4.0, 16.0),
  (112, 'O97', 'COLEIRA ELAST. PARA GATOS TAM. ÚNICO', 10, 3.8, 38.0),
  (112, 'O98', 'PEITORAL POLIESTER GATO TAM ÚNICO', 2, 12.9, 25.8),
  (112, '100', 'COLEIRA DE NYLON DUPLA COSTURADA Nº 5', 1, 7.5, 7.5),
  (112, '101', 'COLEIRA DE NYLON DUPLA COSTURADA Nº 6', 1, 7.6, 7.6),
  (112, '102', 'COLEIRA DE NYLON DUPLA COSTURADA Nº 7', 1, 8.9, 8.9),
  (112, '106', 'COLEIRA POLIESTER DUPLA NR 3 FITA 20', 4, 6.5, 26.0),
  (112, '107', 'COLEIRA POLIESTER DUPLA NR 4 FITA 20', 3, 7.9, 23.7),
  (112, '108', 'COLEIRA POLIESTER DUPLA NR 5 FITA 25', 4, 8.5, 34.0),
  (112, '109', 'COLEIRA POLIESTER DUPLA NR 6 FITA 25', 2, 9.5, 19.0),
  (112, '110', 'COLEIRA POLIESTER DUPLA NR 7 FITA 30', 3, 14.5, 43.5),
  (112, '130', 'MANTA PET', 2, 14.99, 29.98);

INSERT INTO orders (id, client_key, order_date, sheet_name, discount_pct, payment_terms, payment_dates, format) VALUES
  (113, 'TRADIÇÃO(CAMBORIU)', '2025-10-03', '01.10.2025', NULL, NULL, '03.10.2025', 'old');

INSERT INTO order_items (order_id, product_code, description, qty, unit_price, total) VALUES
  (113, NULL, 'PEITORAL POLYESTER DESENHOS FITA 15 Nº 00', 4, 12.9, 51.6),
  (113, NULL, 'PEITORAL POLYESTER DESENHOS FITA 15 Nº 0', 4, 12.9, 51.6),
  (113, NULL, 'PEITORAL POLYESTER DESENHOS FITA 15 Nº 1', 4, 12.9, 51.6),
  (113, NULL, 'PEITORAL POLYESTER DESENHOS FITA 15 Nº 2', 4, 12.9, 51.6),
  (113, NULL, 'PEITORAL POLYESTER DESENHOS FITA 15 Nº 3', 4, 12.9, 51.6),
  (113, NULL, 'PEITORAL POLYESTER DESENHOS FITA 15 Nº 4', 4, 12.9, 51.6),
  (113, NULL, 'PEITORAL POLIESTER EM X(AMER) FITA 15 Nº G', 3, 13.9, 41.7),
  (113, NULL, 'PEITORAL POLIESTER EM X(AMER) FITA 20 Nº G', 3, 17.5, 52.5),
  (113, NULL, 'PEITORAL POLIESTER EM X(AMER) FITA 25 Nº G', 3, 23.5, 70.5),
  (113, NULL, 'PEITORAL NYLON TRAD. DUPLO FITA 40 Nº M', 1, 34.9, 34.9),
  (113, NULL, 'PEITORAL NYLON TRAD. DUPLO FITA 40 Nº GG', 1, 39.9, 39.9),
  (113, NULL, 'PEITORAL POLIESTER TRAD DUPLO NR 4 FITA 20', 3, 18.9, 56.7),
  (113, NULL, 'PEITORAL POLIESTER TRAD DUPLO NR 5 FITA 20', 3, 19.9, 59.7),
  (113, NULL, 'PEITORAL POLIESTER TRAD DUPLO NR 6 FITA 25', 3, 23.9, 71.7),
  (113, NULL, 'GUIA DE CORDA 8 MM C/ 1 METRO', 2, 8.5, 17.0),
  (113, NULL, 'COL. COURO NATURAL Nº4', 4, 6.65, 26.6),
  (113, NULL, 'COL. COURO NATURAL Nº6', 4, 11.0, 44.0),
  (113, NULL, 'COL. COURO NATURAL Nº7', 4, 13.6, 54.4),
  (113, NULL, 'COL. COURO NATURAL Nº8', 4, 14.8, 59.2),
  (113, NULL, 'PEITORAL POLIESTER GATO TAM ÚNICO', 2, 12.9, 25.8),
  (113, NULL, 'COLEIRA POLIESTER DUPLA NR 3 FITA 20', 3, 6.5, 19.5),
  (113, NULL, 'COLEIRA POLIESTER DUPLA NR 4 FITA 20', 3, 7.9, 23.7),
  (113, NULL, 'COLEIRA POLIESTER DUPLA NR 5 FITA 25', 3, 8.5, 25.5),
  (113, NULL, 'COLEIRA POLIESTER DUPLA NR 6 FITA 25', 3, 9.5, 28.5),
  (113, NULL, 'COLEIRA POLIESTER DUPLA NR 7 FITA 30', 3, 14.5, 43.5);

INSERT INTO orders (id, client_key, order_date, sheet_name, discount_pct, payment_terms, payment_dates, format) VALUES
  (114, 'TRADIÇÃO(CAMBORIU)', '2026-01-14', '14.01.26', NULL, NULL, '14.01.26', 'old');

INSERT INTO order_items (order_id, product_code, description, qty, unit_price, total) VALUES
  (114, NULL, 'PEITORAL POLYESTER DESENHOS FITA 15 Nº 00', 1, 12.9, 12.9),
  (114, NULL, 'PEITORAL POLYESTER DESENHOS FITA 15 Nº 0', 1, 12.9, 12.9),
  (114, NULL, 'PEITORAL POLYESTER DESENHOS FITA 15 Nº 1', 2, 12.9, 25.8),
  (114, NULL, 'PEITORAL POLYESTER DESENHOS FITA 15 Nº 3', 2, 12.9, 25.8),
  (114, NULL, 'PEITORAL POLYESTER DESENHOS FITA 15 Nº 4', 2, 12.9, 25.8),
  (114, NULL, 'PEITORAL POLIESTER EM X(AMER) FITA 15 Nº G', 2, 13.9, 27.8),
  (114, NULL, 'PEITORAL POLIESTER EM X(AMER) FITA 20 Nº G', 2, 17.5, 35.0),
  (114, NULL, 'PEITORAL POLIESTER EM X(AMER) FITA 25 Nº G', 1, 23.5, 23.5),
  (114, NULL, 'PEITORAL NYLON TRAD. DUPLO FITA 40 Nº M', 1, 34.9, 34.9),
  (114, NULL, 'PEITORAL POLIESTER TRAD DUPLO NR 4 FITA 20', 3, 18.9, 56.7),
  (114, NULL, 'PEITORAL POLIESTER TRAD DUPLO NR 5 FITA 20', 2, 19.9, 39.8),
  (114, NULL, 'PEITORAL POLIESTER TRAD DUPLO NR 6 FITA 25', 3, 25.9, 77.7),
  (114, NULL, 'COL. COURO NATURAL Nº4', 4, 6.0, 24.0),
  (114, NULL, 'COL. COURO NATURAL Nº5', 4, 6.2, 24.8),
  (114, NULL, 'COL. COURO NATURAL Nº6', 3, 7.6, 22.8),
  (114, NULL, 'COL. COURO NATURAL Nº8', 3, 12.2, 36.6),
  (114, NULL, 'COL. COURO NATURAL Nº9', 4, 16.9, 67.6),
  (114, NULL, 'COL COURO NATURAL Nº10', 4, 18.9, 75.6),
  (114, NULL, 'COLEIRA POLIESTER DUPLA NR 4 FITA 20', 1, 7.9, 7.9),
  (114, NULL, 'COLEIRA POLIESTER DUPLA NR 5 FITA 25', 3, 8.5, 25.5),
  (114, NULL, 'COLEIRA POLIESTER DUPLA NR 6 FITA 25', 1, 9.5, 9.5),
  (114, NULL, 'COLEIRA POLIESTER DUPLA NR 7 FITA 30', 1, 14.5, 14.5);

INSERT INTO orders (id, client_key, order_date, sheet_name, discount_pct, payment_terms, payment_dates, format) VALUES
  (115, 'VALENT´S', '2025-10-17', '13.10', NULL, NULL, '17.10.25', 'old');

INSERT INTO order_items (order_id, product_code, description, qty, unit_price, total) VALUES
  (115, NULL, 'PEITORAL DE NY TUBOLAR FITA 15 Nº 2', 1, 9.6, 9.6),
  (115, NULL, 'PEITORAL DE NY TUBOLAR FITA 15 Nº 3', 4, 9.6, 38.4),
  (115, NULL, 'PEITORAL DE NY TUBOLAR FITA 15 Nº 4', 2, 9.6, 19.2),
  (115, NULL, 'PEITORAL DE NYLON FITA 20 NR 4', 5, 12.9, 64.5),
  (115, NULL, 'PEITORAL POLIESTER EM X(AMER) FITA 25 Nº M', 3, 21.9, 65.7),
  (115, NULL, 'PEITORAL NYLON TRAD. DUPLO FITA 40 Nº M', 1, 34.9, 34.9),
  (115, NULL, 'PEITORAL NYLON TRAD. DUPLO FITA 40 Nº GG', 1, 39.9, 39.9),
  (115, NULL, 'PEITORAL POLIESTER TRAD DUPLO NR 4 FITA 20', 1, 18.9, 18.9),
  (115, NULL, 'PEITORAL POLIESTER TRAD DUPLO NR 5 FITA 20', 1, 19.9, 19.9),
  (115, NULL, 'PEITORAL POLIESTER TRAD DUPLO NR 6 FITA 25', 3, 25.9, 77.7),
  (115, NULL, 'GUIA DE CORDA 8 MM C/ 1 METRO', 2, 8.5, 17.0),
  (115, NULL, 'GUIA DE CORDA 16 MM C/ 60 CM', 1, 14.4, 14.4),
  (115, NULL, 'GUIA DE CORDA 16 MM C/ 1 MT', 2, 16.1, 32.2),
  (115, NULL, 'GUIA DE CORDA 16 MM C/ 60 CM COM MOLA', 1, 16.6, 16.6),
  (115, NULL, 'GUIA DE CORDA 14 MM C/ 1 MT  COM MOLA', 1, 18.3, 18.3),
  (115, NULL, 'GUIA ENFORCADOR 16 MM X 40 CM C/MOLA', 1, 24.9, 24.9),
  (115, NULL, 'GUIA ENFORCADOR 16 MM X 60 CM C/MOLA', 1, 26.9, 26.9),
  (115, NULL, 'GUIA ENFORCADOR 16 MM X 1,20 C/ ARGOLA', 2, 14.9, 29.8),
  (115, NULL, 'COL. COURO PINTADA Nº2', 1, 3.9, 3.9),
  (115, NULL, 'COL. COURO PINTADA Nº3', 3, 6.0, 18.0),
  (115, NULL, 'COL. COURO PINTADA Nº4', 3, 6.65, 19.95),
  (115, NULL, 'COL. COURO PINTADA Nº6', 3, 11.0, 33.0),
  (115, NULL, 'COL. COURO PINTADA Nº7', 2, 13.6, 27.2),
  (115, NULL, 'COL. COURO PINTADA Nº8', 2, 14.8, 29.6),
  (115, NULL, 'COL. COURO PINTADA Nº9', 2, 17.9, 35.8),
  (115, NULL, 'COLEIRA NYLON  TUBOLAR FITA 15 MM Nº 0', 6, 3.5, 21.0),
  (115, NULL, 'COLEIRA NYLON  TUBOLAR FITA 15 MM Nº 1', 6, 3.5, 21.0),
  (115, NULL, 'PEITORAL POLIESTER GATO TAM ÚNICO', 1, 12.9, 12.9),
  (115, NULL, 'COLEIRA POLIESTER DUPLA NR 3 FITA 20', 1, 6.5, 6.5),
  (115, NULL, 'CAMA LEDY P', 1, 32.9, 32.9),
  (115, NULL, 'CAMA LEDY M', 1, 43.9, 43.9);

INSERT INTO orders (id, client_key, order_date, sheet_name, discount_pct, payment_terms, payment_dates, format) VALUES
  (116, 'VALENT´S', '2026-01-15', '09.01.26', NULL, NULL, '15.01.2026', 'old');

INSERT INTO order_items (order_id, product_code, description, qty, unit_price, total) VALUES
  (116, NULL, 'PEITORAL DE NY TUBOLAR FITA 15 Nº 00', 2, 9.6, 19.2),
  (116, NULL, 'PEITORAL DE NY TUBOLAR FITA 15 Nº 0', 1, 9.6, 9.6),
  (116, NULL, 'PEITORAL DE NY TUBOLAR FITA 15 Nº 1', 2, 9.6, 19.2),
  (116, NULL, 'PEITORAL DE NY TUBOLAR FITA 15 Nº 2', 3, 9.6, 28.8),
  (116, NULL, 'PEITORAL DE NY TUBOLAR FITA 15 Nº 3', 3, 9.6, 28.8),
  (116, NULL, 'PEITORAL DE NY TUBOLAR FITA 15 Nº 4', 1, 9.6, 9.6),
  (116, NULL, 'PEITORAL POLYESTER DESENHOS FITA 15 Nº 00', 2, 12.9, 25.8),
  (116, NULL, 'PEITORAL POLYESTER DESENHOS FITA 15 Nº 0', 1, 12.9, 12.9),
  (116, NULL, 'PEITORAL POLYESTER DESENHOS FITA 15 Nº 2', 2, 12.9, 25.8),
  (116, NULL, 'PEITORAL NYLON  EM X(AMER) FITA 25  Nº G', 1, 21.5, 21.5),
  (116, NULL, 'PEITORAL POLIESTER EM X(AMER) FITA 20 Nº P', 2, 16.5, 33.0),
  (116, NULL, 'PEITORAL POLIESTER TRAD DUPLO NR 6 FITA 25', 2, 25.9, 51.8),
  (116, NULL, 'GUIA ENFORCADOR 16 MM X 1,20 C/ ARGOLA', 1, 14.9, 14.9),
  (116, NULL, 'COL. COURO PINTADA Nº8', 4, 14.8, 59.2),
  (116, NULL, 'COLEIRA NYLON LISA FITA 20MM  Nº 5', 6, 4.5, 27.0),
  (116, NULL, 'COLEIRA NYLON LISA FITA 20MM  Nº 6', 6, 4.5, 27.0),
  (116, NULL, 'COLEIRA POLIESTER DUPLA NR 3 FITA 20', 2, 6.5, 13.0),
  (116, NULL, 'COLEIRA POLIESTER DUPLA NR 7 FITA 30', 2, 14.5, 29.0),
  (116, NULL, 'ALMOFADA COM SILICONE TAM P', 1, 26.9, 26.9),
  (116, NULL, 'ALMOFADA COM SILICONE TAM M', 1, 29.9, 29.9),
  (116, NULL, 'ALMOFADA COM SILICONE TAM G', 1, 32.9, 32.9),
  (116, NULL, 'ALMOFADA COM SILICONE TAM GG', 1, 39.9, 39.9),
  (116, NULL, 'ALMOFADA COM SILICONE TAM EG', 1, 46.9, 46.9),
  (116, NULL, 'ALMOFADA COM SILICONE TAM EGGG', 1, 53.9, 53.9),
  (116, NULL, 'CAMA LEDY P', 1, 32.9, 32.9),
  (116, NULL, 'CAMA LEDY M', 1, 43.9, 43.9),
  (116, NULL, 'CAMA LEDY G', 1, 54.9, 54.9);

INSERT INTO orders (id, client_key, order_date, sheet_name, discount_pct, payment_terms, payment_dates, format) VALUES
  (117, 'VALENT´S', '2026-03-09', '09.03.26', NULL, NULL, '17.03.26', 'new');

INSERT INTO order_items (order_id, product_code, description, qty, unit_price, total) VALUES
  (117, 'OO3', 'PEITORAL DE NY TUBOLAR FITA 15 Nº 1', 2, 9.9, 19.8),
  (117, 'OO4', 'PEITORAL DE NY TUBOLAR FITA 15 Nº 2', 2, 9.9, 19.8),
  (117, 'OO5', 'PEITORAL DE NY TUBOLAR FITA 15 Nº 3', 1, 9.9, 9.9),
  (117, 'OO6', 'PEITORAL DE NY TUBOLAR FITA 15 Nº 4', 2, 9.9, 19.8),
  (117, 'O10', 'PEITORAL POLYESTER  FITA 15 Nº 0', 1, 12.9, 12.9),
  (117, 'O11', 'PEITORAL POLYESTER  FITA 15 Nº 1', 1, 12.9, 12.9),
  (117, 'O12', 'PEITORAL POLYESTER  FITA 15 Nº 2', 4, 12.9, 51.6),
  (117, 'O15', 'PEITORAL NYLON  EM X  FITA 15  Nº P', 2, 10.5, 21.0),
  (117, 'O16', 'PEITORAL NYLON  EM X  FITA 20  Nº M', 1, 12.5, 12.5),
  (117, 'O17', 'PEITORAL NYLON  EM X  FITA 25  Nº G', 1, 21.5, 21.5),
  (117, 'O19', 'PEITORAL POLIESTER EM X FITA 15 Nº M', 1, 13.6, 13.6),
  (117, 'O20', 'PEITORAL POLIESTER EM X FITA 15 Nº G', 1, 13.9, 13.9),
  (117, 'O21', 'PEITORAL POLIESTER EM X FITA 20 Nº P', 2, 16.5, 33.0),
  (117, 'O22', 'PEITORAL POLIESTER EM X FITA 20 Nº M', 2, 16.9, 33.8),
  (117, 'O32', 'PEITORAL POLIESTER DUPLO FITA 20 Nº 4', 2, 18.9, 37.8),
  (117, 'O60', 'PEITORAL NYLON NEOPREME Nº G', 1, 42.9, 42.9),
  (117, 'O74', 'COL. COURO PINTADA Nº1', 2, 2.69, 5.38),
  (117, 'O75', 'COL. COURO PINTADA Nº2', 2, 3.14, 6.28),
  (117, 'O78', 'COL. COURO PINTADA Nº5', 4, 6.9, 27.6),
  (117, 'O79', 'COL. COURO PINTADA Nº6', 3, 9.4, 28.2),
  (117, 'O86', 'COLEIRA NYLON TUBOLAR FITA 15 MM Nº 1', 6, 3.5, 21.0),
  (117, 'O87', 'COLEIRA NYLON TUBOLAR FITA 15 MM Nº 2', 6, 3.5, 21.0),
  (117, 'O88', 'COLEIRA NYLON TUBOLAR FITA 15 MM Nº 3', 6, 3.5, 21.0),
  (117, 'O89', 'COLEIRA NYLON LISA FITA 20MM  Nº 4', 6, 4.0, 24.0),
  (117, '106', 'COLEIRA POLIESTER DUPLA NR 3 FITA 20', 3, 6.5, 19.5),
  (117, '107', 'COLEIRA POLIESTER DUPLA NR 4 FITA 20', 4, 7.9, 31.6);

INSERT INTO orders (id, client_key, order_date, sheet_name, discount_pct, payment_terms, payment_dates, format) VALUES
  (118, 'VALENT´S', 'Plan1', 'Plan1', NULL, 'PRAZO 30-45-60-75', NULL, 'new');

INSERT INTO order_items (order_id, product_code, description, qty, unit_price, total) VALUES
  (118, '120', 'SUETER TAM 00', 10, 6.5, 65.0),
  (118, '121', 'SUETER TAM 0', 10, 8.25, 82.5),
  (118, '122', 'SUETER TAM 02', 10, 8.7, 87.0),
  (118, '123', 'SUETER TAM 04', 10, 8.9, 89.0),
  (118, '124', 'SUETER TAM 06', 10, 12.0, 120.0),
  (118, '125', 'SUETER TAM 08', 10, 14.2, 142.0),
  (118, '126', 'SUETER TAM 10', 10, 14.5, 145.0),
  (118, '127', 'SUETER TAM 12', 10, 16.9, 169.0),
  (118, '128', 'SUETER TAM 14', 10, 17.5, 175.0),
  (118, '129', 'SUETER TAM 16', 10, 19.9, 199.0),
  (118, '130', 'MANTA PET  (10 + 1)', 10, 14.99, 149.9);
